S20_C_5,S20_C_6,S20_C_A,S20_F_5,S20_F_6,S20_F_A,xenbase_gene_id,baseMean,log2FoldChange,lfcSE,stat,pvalue,padj,xenbase_gene_symbol,xenbase_gene_name,xenbase_gene_synomyms,db_xrefs,log2_S20_C_5,log2_S20_C_6,log2_S20_C_A,log2_S20_F_5,log2_S20_F_6,log2_S20_F_A
519.3745604102111,414.0535840062389,449.614886067373,847.3386551235155,769.5621436523891,744.0471653175821,XB-GENE-1002829,623.9984990962182,0.7738027981021189,0.15994373918913696,4.837968663387819,1.311728155773798e-6,2.712064886968234e-4,tktl2.L,transketolase-like 2 L homeolog,NA,NCBI_Gene:379575|UniprotKB:Q9I8J7,9.020634318337555,8.693677157702906,8.812549200301813,9.72679657791243,9.587895896181035,9.539252205752724
1124.0854508594937,1152.7966691396723,467.91981781566295,626.6418124260276,767.6236999656072,306.0024961587803,XB-GENE-1003523,740.844991060874,-0.6822707945697855,0.15631214143785094,-4.364797182700318,1.2724075857612062e-5,0.00179214682613211,sgk1.L,serum/glucocorticoid regulated kinase 1 L homeolog,Sgk|sgk1-a|sgk1-b,NCBI_Gene:399130|UniprotKB:Q6GPN6,10.134537278788633,10.170923608281802,8.87012060546014,9.291499528211363,9.58425732385176,8.257404325902195
0,0,3.4321747028043736,16.009097397745233,24.230546084772957,34.23315596296857,XB-GENE-1006009,12.984162358048522,4.87559061418548,1.1962608994740915,4.0756916959577305,4.587777001870272e-5,0.00522093944401763,hoxb6.S,homeobox B6 S homeolog,hox-2.2|hox2b,NCBI_Gene:779290|UniprotKB:Q05AW4|UniprotKB:P31256|UniprotKB:A0A974BSV2,-9.965784284662087,-9.965784284662087,1.7795432730995913,4.00091017943214,4.59881455323313,5.097364538366034
6.6209221582038245,22.34102071976109,37.75392173084811,42.30975740832668,119.21428673708294,339.5370162857699,XB-GENE-1010304,94.62948750666544,2.8006476883336964,0.3680393951264423,7.609641047724024,2.748582075821121e-14,1.5469936116746544e-11,alpl.L,"alkaline phosphatase, liver/bone/kidney L homeolog",NA,NCBI_Gene:380589|UniprotKB:Q7ZYJ4,2.727250051714469,4.4816877708848795,5.238592821281445,5.4029526066146305,6.897425431327685,8.407429304263685
125.79752100587268,71.49126630323549,83.51625110157309,146.3688904936707,198.69047789513823,256.3993518042748,XB-GENE-1011486,147.04395976729415,1.0947572651908422,0.30547672510117263,3.5837665368065705,3.3867482503732065e-4,0.02701665080671728,mcm4.L,minichromosome maintenance complex component 4 L homeolog,cdc21|mcm4-a|mcm4-b,NCBI_Gene:397843|UniprotKB:P30664,6.9749711505449,6.159715281261973,6.3840023225112335,7.193474999523567,7.6343861848480286,8.002254431239702
4.413948105469216,4.468204143952218,8.008407639876872,59.46236176305372,77.53774747127346,78.24721362964245,XB-GENE-1011603,38.68964712554465,3.676383355503937,0.5634145588790734,6.525183450740408,6.791835393052525e-11,2.4574315845362545e-8,pnp.L,purine nucleoside phosphorylase L homeolog,nucleoside phosphorylase|punp,NCBI_Gene:379499|UniprotKB:A0A1L8HZH9|UniprotKB:Q7SYP6,2.1423964801337143,2.1600179455476285,3.001695547676012,5.893929123248733,6.27684552546811,6.289985911251164
0,0,1.1440582342681247,13.722083483781628,21.3228805546002,20.26043924338956,XB-GENE-1018260,9.408243586006586,5.5606502427933435,1.4602877658737792,3.8079140103362215,1.401439850567557e-4,0.01326914684682235,foxb1.S,forkhead box B1 S homeolog,fkh-5|fkh5|xfkh-5,NCBI_Gene:398078|UniprotKB:O93529,-9.965784284662087,-9.965784284662087,0.19542097138199044,3.778532776612817,4.414398100875565,4.340664752518629
0,0,0,12.578576526799823,3.876887373563673,27.246797603179065,XB-GENE-1018521,7.283710250590427,5.855312558501188,1.559962620057717,3.753495425604844,1.74385716116957e-4,0.01577412223197224,fgf3.S,fibroblast growth factor 3 S homeolog,INT-2|fgf-3|int-2|xfgf3,NA,-9.965784284662087,-9.965784284662087,-9.965784284662087,3.653011451685727,1.955270903506414,4.768067718707944
38.98987493164474,61.06545663401364,44.61827113645686,236.70594009523307,282.0435564267572,280.1529702275591,XB-GENE-1217466,157.26267824194412,2.488869056354551,0.26655206942940923,9.337271557044415,9.884849288378114e-21,1.0014340814055865e-17,znf703.S,zinc finger protein 703 S homeolog,znf703-a|znf703-b,NCBI_Gene:403392|UniprotKB:Q2VPM4,5.285064623190049,5.932308230475521,5.479595041987848,7.886958195358006,8.13977928239235,8.13007612777215
76.50843382813308,47.660844202156994,98.38900814705872,126.92927222498004,111.4605119899556,206.7962074497693,XB-GENE-17331460,111.29071297367562,0.9985505754948318,0.2882521279131972,3.464156822445142,5.318963288803624e-4,0.03742112297143717,atic.S,5-aminoimidazole-4-carboxamide ribonucleotide formyltransferase/IMP cyclohydrolase S homeolog,NA,NCBI_Gene:443576|UniprotKB:A0A8J0U0U7,6.257565742012202,5.5747628703734,6.620439907112243,6.987892375427162,6.800401818782617,7.692072893679162
2.206974052734608,0,3.4321747028043736,56.03184089210831,107.58362461639192,103.39810372488463,XB-GENE-17332184,45.442119664820645,5.379001981797956,0.7512363150123518,7.160199626011843,8.05596622873085e-13,3.709772448330556e-10,cyp26a1.S,cytochrome P450 family 26 subfamily A member 1 S homeolog,RACE|XCYP26A1|cyp26|retinoic acid converting enzyme|xCYP26,NCBI_Gene:398094|UniprotKB:Q6GNJ2|UniprotKB:O93323,1.1427232182161455,-9.965784284662087,1.7795432730995913,5.808200734645464,6.7493281006184285,6.69207987003813
8.827896210938432,11.915211050539249,17.16087351402187,29.73118088152686,35.861208205463974,81.04175697355824,XB-GENE-17333565,30.75635447267477,1.8830937278140072,0.5314700432105938,3.5431794357369557,3.953336143200772e-4,0.02988899139310972,cd74.L,CD74 molecule L homeolog,NA,NCBI_Gene:398834|UniprotKB:Q6PB08|UniprotKB:A0A1L8GWN9,3.142233083338739,3.574853675691334,4.101135151329044,4.893953384959933,5.164392419373314,6.340611348547949
12.506186298829446,25.3198234823959,12.58464057694937,35.448715666435874,87.22996590518264,112.480369592611,XB-GENE-17334025,47.59495025373404,2.140691446599669,0.4701342547131454,4.553361992109726,5.2795311046403715e-6,8.768349118215017e-4,cyp27c1.S,cytochrome P450 family 27 subfamily C member 1 S homeolog,NA,NCBI_Gene:735141|UniprotKB:Q4KLS4,3.6446853624649336,4.662252419663491,3.6537067427465364,5.147702150891844,6.446768459562559,6.8135422559091054
5.885264140625622,0,5.720291171340623,37.73572958039948,25.199767928163872,50.30178019048443,XB-GENE-17334173,20.807138835169003,3.367644883451938,0.74676385571898,4.509651689300882,6.493415071917681e-6,0.00102788731396246,flrt3.S,fibronectin leucine rich transmembrane protein 3 S homeolog,xflrt3,NCBI_Gene:394225|UniprotKB:Q70AK3,2.5573522833283207,-9.965784284662087,2.5163407687311548,5.237897493379948,4.655395791678968,5.652566233609641
30.897636738284515,14.89401381317406,27.45739762243499,70.89743133287175,78.50696931466437,86.63084366138985,XB-GENE-17334623,51.54738208046992,1.7024399942409836,0.4235633065334176,4.019328322309873,5.836429172790211e-5,0.00642705042929756,mllt3.L,"myeloid/lymphoid or mixed-lineage leukemia; translocated to, 3 L homeolog",yeats3,NCBI_Gene:108713831|UniprotKB:A0A1L8HXT2|UniprotKB:A0A8J0V0D1,4.949471282068691,3.8967575563860826,4.779175532112434,6.147681802277079,6.2947672037602,6.436825515313051
142.71765541017132,93.83228702299658,120.12611459815308,234.41892618126948,276.2282253664117,223.5634675132641,XB-GENE-17334793,181.8144460153777,1.0416811837487736,0.25180459443138553,4.136863293146235,3.520857273749676e-5,0.00419644765180681,paics.L,phosphoribosylaminoimidazole carboxylase and phosphoribosylaminoimidazolesuccinocarboxamide synthase L homeolog,ade2|airc|paics.1|pais,NCBI_Gene:379855|UniprotKB:Q8AVT1|UniprotKB:A0A8J0VJA3,7.157030118201805,6.552027899333749,6.908418016764742,7.872951396826149,8.10972215622315,7.804547099709292
0,0,0,9.14805565585442,5.8153310603455095,30.739976783073818,XB-GENE-17335217,7.617227249878957,5.928419211554659,1.5426060000266408,3.8431195078019114,1.2148027646581614e-4,0.01183381423918445,tbxt.2.L,"T, brachyury homolog, gene 2 L homeolog",t2|xbra3,NA,-9.965784284662087,-9.965784284662087,-9.965784284662087,3.1936228394704282,2.5401093885019397,4.94209110174129
27.955004667971703,1.489401381317406,18.304931748289995,277.87219054657794,310.15098988509385,367.4824497249279,XB-GENE-17335658,167.20916132569647,4.767569171567538,1.0016648694965753,4.75964498381945,1.939337751295386e-6,3.778352068917991e-4,cdx2.S,caudal type homeobox 2 S homeolog,Xcaudal2|cad2|cdx-2|cdx3-like|xcad2,NCBI_Gene:397753|UniprotKB:Q32NJ4|UniprotKB:A0A974HWT9,4.805086287590391,0.5757009164955483,4.194239301713487,8.118282838522346,8.276831570812547,8.521535466832745
4.413948105469216,0,11.440582342681246,76.61496611778075,167.67537890662885,157.8916989312428,XB-GENE-17337706,69.67276240063381,5.000191416582204,1.1805145849938117,4.235603253142711,2.279389318394757e-5,0.0029231004031211702,hoxc6.L,homeobox C6 L homeolog,ACI|XlHbox1|xeb1,NCBI_Gene:108708639|UniprotKB:A0A1L8HIE1|UniprotKB:A0A1L8HIF0,2.1423964801337143,-9.965784284662087,3.5162146819753874,6.259573163783127,7.389535656050308,7.302800651288156
1.4713160351564054,0,8.008407639876872,19.43961826869064,30.045877145118464,25.150890095242215,XB-GENE-17338339,14.019351530680764,3.3257573625209944,0.9338949114920908,3.561168737077074,3.692077076248334e-4,0.0287726406611322,hoxa11.L,homeobox A11 L homeolog,LOC101733863|Xhoxa11,NCBI_Gene:398250|UniprotKB:A0A1L8FW43,0.5580873815953251,-9.965784284662087,3.001695547676012,4.281002196495156,4.909143150337353,4.652594913549309
12.506186298829446,8.936408287904436,4.576232937072499,21.72663218265424,42.6457611092004,87.3294794973688,XB-GENE-17338634,29.620116718838304,2.3432907669497105,0.6438828763444707,3.639312137408161,2.733672825101144e-4,0.02327297427823503,snap25.L,synaptosome associated protein 25kDa L homeolog,ric-4|ric4|sec9|snap-25,NCBI_Gene:399171|UniprotKB:Q8AXM2|UniprotKB:Q640W4|UniprotKB:A0A974CVD2,3.6446853624649336,3.159856532497066,2.19447571308958,4.441459057051707,5.4143642723247165,6.448413356362876
1.4713160351564054,0,0,44.59677132229029,68.8147508807552,78.24721362964245,XB-GENE-17342281,32.188341977974055,6.523463324833764,1.1447872042966072,5.6984069182027435,1.209321298627407e-8,3.6034217871747823e-6,hoxb9.S,homeobox B9 S homeolog,XlHbox-6|XlHbox6|hox 2.5|xhoxb9,NCBI_Gene:100381079|UniprotKB:Q3KQ20|UniprotKB:P31272,0.5580873815953251,-9.965784284662087,-9.965784284662087,5.478899711252289,6.104666908605429,6.289985911251164
1.4713160351564054,4.468204143952218,14.87275704548562,4.5740278279272095,39.73809557902765,148.1107972275375,XB-GENE-17344291,35.5391996431811,2.982349510021392,0.6417240317059107,4.6474019401974695,3.361417961759126e-6,5.871469891479605e-4,krt12.2.L,"keratin 12, gene 2 L homeolog",fgk|fin and gill keratin|krt16,NCBI_Gene:100653510|UniprotKB:E3WF12|UniprotKB:A0A974BWC7,0.5580873815953251,2.1600179455476285,3.8946972067205037,2.1937805187170047,5.312487133592218,7.210542746835151
20.598424492189675,8.936408287904436,9.152465874144998,77.75847307476256,159.9216041595015,296.9202302910539,XB-GENE-17344686,95.54793436325951,3.689634672759784,0.8459427159711457,4.361565627436213,1.2913504916360148e-5,0.00179214682613211,nradd.L,neurotrophin receptor associated death domain L homeolog,nrdd,NCBI_Gene:398134|UniprotKB:Q9PVD4,4.364532126768571,3.159856532497066,3.194318109810066,6.280946537660755,7.321230059825137,8.213936441538468
28.690662685549903,22.34102071976109,30.889572325239364,81.18899394570796,206.4442526422656,310.8929470106329,XB-GENE-17346058,113.40790822152611,2.6692748227410714,0.3719160558378884,7.177089509425645,7.121106894946258e-13,3.435425426319073e-10,hes6.1.S,"hairy and enhancer of split 6, gene 1 S homeolog",XHes6|Xhes-6,NCBI_Gene:108718188|UniprotKB:A0A8J0VG74|UniprotKB:A0A8J0VDG6|UniprotKB:A0A8J0VHG1,4.8425596697800035,4.4816877708848795,4.949094695640403,6.343230031972517,7.689615432855495,8.28027871799197
385.4848012109782,616.612171865406,387.8357414168942,666.6645559203907,1121.3896728032923,669.9917667038134,XB-GENE-17346396,641.3297849867959,0.8141920732694632,0.15709281683293996,5.182872709802601,2.184941621338776e-7,5.147824085065846e-5,rpe65.S,retinal pigment epithelium-specific protein 65kDa S homeolog,NA,NCBI_Gene:379961|UniprotKB:Q7ZYK2,8.590533911394251,9.26822189787361,8.599305672304258,9.380819380236712,10.131073259974531,9.388001709976674
6.6209221582038245,11.915211050539249,50.33856230779748,38.87923653738128,78.50696931466437,472.9764609577494,XB-GENE-22061497,109.87289372105592,2.9283397672957148,0.3683429125543772,7.950036956021012,1.8645588493224417e-15,1.1806153564053537e-12,apoc1.L,apolipoprotein C-I L homeolog,ApoCI,NCBI_Gene:108696721|UniprotKB:A0A1L8FN76|UniprotKB:A0A974CIW8,2.727250051714469,3.574853675691334,5.653620767502361,5.280965090844146,6.2947672037602,8.885627625476301
837.1788240039947,628.5273829159453,1282.4892806145676,1782.7273459346295,2100.30373462812,4664.791476831451,XB-GENE-22063252,1882.6696741547848,1.5648575763829242,0.16690177789296032,9.375919155196296,6.85756301349884e-21,7.719330098861862e-18,XB22063249.S,uncharacterized XB22063249 S homeolog,LOC108703073,NCBI_Gene:108703073|UniprotKB:A0A8J0U0S6,9.709393732901878,9.295834084726808,10.324732177034535,10.799871164948849,11.036382949335135,12.187597185823668
11.03487026367304,23.830422101078497,35.46580526231186,34.30520870945407,111.4605119899556,90.82265867726356,XB-GENE-22064041,51.15324616728943,1.7275937762831763,0.4241416003188195,4.073153340734735,4.638086565606428e-5,0.00522093944401763,hes5.8.L,"hairy and enhancer of split 5, gene 8 L homeolog",LOC100495414|LOC108696616|LOC108697696|hes5_x2,NCBI_Gene:108696616|UniprotKB:A0A1L8FMJ3,3.4641284966462695,4.574793139447762,5.14839747760487,5.100397792677599,6.800401818782617,6.504996249346462
3232.4813292386225,2846.246039697563,3497.386022157657,5121.767660321492,4054.254970904211,4377.652148244103,XB-GENE-482213,3854.9646950939414,0.499470453860196,0.1312651645126227,3.80504954010221,1.4177581199639218e-4,0.01329935880866156,rpl8.S,ribosomal protein L8 S homeolog,NA,NCBI_Gene:380157|UniprotKB:P41116,11.658426768049669,11.474845170517751,11.772061738705306,12.322426375523223,11.985221462834469,12.09594193558761
9.563554228516637,1.489401381317406,48.05044583926123,230.98840531032403,419.6730581882676,787.362587148277,XB-GENE-482791,249.521242015994,5.2283448835346285,0.971202639022136,5.3833717840787925,7.310332561006398e-8,1.806365345745264e-5,cdx4.L,caudal type homeobox 4 L homeolog,MGC130769|MGC68909|Xcad-3|Xcad3|Xtcad3|cad3,NCBI_Gene:380412|UniprotKB:A0A1L8F7A0|UniprotKB:Q91542,3.2576977310078927,0.5757009164955483,5.586507936370258,7.851682871473274,8.713125476730148,9.620886184141995
1.4713160351564054,0,3.4321747028043736,12.578576526799823,30.045877145118464,49.603144354505474,XB-GENE-485208,16.18851479406409,4.105457954645084,0.9519609645111026,4.312632668455601,1.613220203842777e-5,0.00209532485706809,hoxd10.L,homeobox D10 L homeolog,Xhoxd10|hox-4.4|hox4|hox4d|hox4e,NCBI_Gene:399032|UniprotKB:Q6P6Z2|UniprotKB:A0A974BZK2,0.5580873815953251,-9.965784284662087,1.7795432730995913,3.653011451685727,4.909143150337353,5.6323887556187815
66.20922158203824,195.1115809525802,342.07341204616927,38.87923653738128,69.78397272414611,192.12485489421135,XB-GENE-485224,150.69704645608775,-1.030796055544572,0.27116726598301383,-3.801329234219376,1.4392191324929458e-4,0.01337681562503306,otx2.L,orthodenticle homeobox 2 L homeolog,Xotx-2|Xotx2|otx-2|otx2-a|otx2-b|otxA,NCBI_Gene:432013|UniprotKB:Q6DKN2|UniprotKB:A0A8J0TI41,6.0489820534207714,7.608162996387521,8.418166381004916,5.280965090844146,6.12484449936796,7.585907869203564
125.06186298829446,233.83601686683275,221.94729744801617,309.89038534206844,275.2590035230208,425.4692241111808,XB-GENE-485647,265.2439650465689,0.8309293188056655,0.2369262443536049,3.5071223159454203,4.5298087918258065e-4,0.0327796377642766,mmp14.L,matrix metallopeptidase 14 L homeolog,MGC69200|MMP-14|MT-MMP-1|MT1-MMP,NCBI_Gene:407753|UniprotKB:Q5USC3|UniprotKB:A0A974E285,6.966509639257284,7.869359519229418,7.794079831653659,8.275618839835921,8.104651185065931,8.732914360392751
0,1.489401381317406,5.720291171340623,20.583125225672443,74.6300819411007,92.9185661852004,XB-GENE-486919,32.556910984105265,4.946390771381888,0.8232012558418346,6.008725978343577,1.869868528571968e-9,5.740496382715941e-7,hoxc10.L,homeobox C10 L homeolog,LOC108709895|MGC80182|XHoxc10,NCBI_Gene:399206|UniprotKB:Q6AZT8,-9.965784284662087,0.5757009164955483,2.5163407687311548,4.363460233884144,6.221704696189133,6.537910513520512
31.63329475586272,7.44700690658703,9.152465874144998,50.3143061071993,46.52264848276408,117.37082044446366,XB-GENE-490905,43.74009042850363,2.23845513739364,0.5587334591836987,4.006302290655709,6.167670545316371e-5,0.00671878175210754,flrt3.L,fibronectin leucine rich transmembrane protein 3 L homeolog,xflrt3,NCBI_Gene:503672|UniprotKB:Q6DDY0,4.983417528149298,2.8968544107181673,3.194318109810066,5.652925434995503,5.539892335326867,6.874942266153151
47.817771142583176,52.12904834610921,124.70234753522558,378.50080276097657,628.055754517315,1051.4469331483203,XB-GENE-5750775,380.4421095750883,3.1937830214694225,0.2146341554896338,14.88012480671406,4.436710833234119e-50,4.4948317451494865e-46,xmc.L,marginal coil Xmc L homeolog,NA,NCBI_Gene:398255|UniprotKB:Q90YY8,5.579505150715223,5.704043292796727,6.962356383151189,8.564156361394257,9.294751124307291,10.038161695408395
419.3250700195755,540.6527014182184,353.5139943888505,673.5255976622816,961.4680686437908,599.4295472699395,XB-GENE-5761538,591.3191632337761,0.7584485502386821,0.16064836779614788,4.72117184035821,2.3448971968295538e-6,4.399287685385224e-4,dgat1.L,diacylglycerol O-acyltransferase 1 L homeolog,NA,NCBI_Gene:100381012|UniprotKB:A0A1L8G0L4|UniprotKB:A0A974CS42,8.711928716879536,9.078561007089366,8.465627598222865,9.395591108822064,9.909096635242124,9.22744879593504
8.09223819336023,5.957605525269624,19.44898998255812,49.1707991502175,70.75319456753704,468.0860101058967,XB-GENE-5761829,103.58480625413988,3.69879465668077,0.4454279986546312,8.303911446636928,1.0073873670649572e-16,7.289886725525058e-14,fbln1.L,fibulin 1 L homeolog,NA,NCBI_Gene:734480|UniprotKB:Q505M8,3.0167170562737033,2.574974740558613,4.281697507059373,5.619759237876076,6.1447437736079085,8.870632919114625
5.885264140625622,29.78802762634812,19.44898998255812,29.73118088152686,62.030197977018766,85.23357198943194,XB-GENE-5762142,38.68620543291824,1.806864355773652,0.49353107289362685,3.661095430485882,2.511391872439003e-4,0.02193354401696512,apcdd1.L,adenomatosis polyposis coli down-regulated 1 L homeolog,drapc1|xPgo,NCBI_Gene:447402|UniprotKB:Q66KI8|UniprotKB:A0A974CNI1,2.5573522833283207,4.896709126781588,4.281697507059373,4.893953384959933,5.954922082102606,6.413366815491864
68.41619563477285,108.72630083617064,189.9136668885087,170.38253659028854,318.87398647561207,219.3716524973904,XB-GENE-5846294,179.28072315379052,1.0115960329754174,0.2845442901123722,3.5551443769120024,3.7777159135709887e-4,0.02877596986495314,gstp1.L,glutathione S-transferase pi 1 L homeolog,gst-pi,NCBI_Gene:398321|UniprotKB:Q8JFZ2,6.096287065308246,6.76457042853588,7.569207517222222,7.412642130813711,8.316847122413707,7.77723987702215
419.3250700195755,667.2518188301979,456.4792354729817,1009.7166430149316,1850.2444990332629,1440.5870937885957,XB-GENE-5872479,973.9340600265908,1.465600698904368,0.15341760041967845,9.553015396507137,1.2597516284053888e-21,1.595317968421874e-18,XB5872372.S,pyrimidine-specific ribonucleoside hydrolase rihA S homeolog,LOC548390,NCBI_Gene:379157|UniprotKB:Q7ZYK4,8.711928716879536,9.38208968486472,8.834408586014003,9.979736199447972,10.85350099147917,10.492442170488525
11848.508031114532,13787.388586855228,10775.884508571466,9916.49233094619,10011.092420384794,6965.399284710135,XB-GENE-5881542,10550.794193763724,-0.4492994621149552,0.1284204998041924,-3.498658413571191,4.6760522195694545e-4,0.03359793264997032,eppk1.L,epiplakin 1 L homeolog,LOC108695491,NA,13.532417907132988,13.751061711920288,13.395518807224214,13.2756143298267,13.289311934744052,12.765990548066146
0,0,8.008407639876872,34.30520870945407,112.42973383334652,64.97313274604238,XB-GENE-5887902,36.61941382145331,6.629646851269982,1.9407306342369817,3.4160571973845797,6.353490039518614e-4,0.0428896285984546,pcdh8.2.L,"protocadherin 8, gene 2 L homeolog",arcadlin|papc,NCBI_Gene:379380|UniprotKB:A0A1L8HHP1|UniprotKB:A0A974DRA8,-9.965784284662087,-9.965784284662087,3.001695547676012,5.100397792677599,6.812892651384457,6.021793567081044
756.2564420703924,808.7449500553514,1255.0318829921328,1296.7368892173638,1557.5395023292056,1659.260110450007,XB-GENE-5899530,1222.2616295190755,0.7060551850266407,0.15553989895963002,4.539383076299255,5.641905500621386e-6,9.219055584966978e-4,gby.L,globin Y L homeolog,globin Y,NCBI_Gene:734190|UniprotKB:Q575S4,9.562733624186802,9.659542772336204,10.293509449243064,10.340671180488258,10.60505396428359,10.69632521924386
69.88751166992925,116.17330774275769,290.59079150410366,469.9813593195207,726.9163825431887,945.9529219154988,XB-GENE-6053022,436.58371244916646,2.3415842497222044,0.22521493952627847,10.397108889168448,2.5556986649352516e-25,6.472945793614759e-22,myc.S,"MYC proto-oncogene, bHLH transcription factor S homeolog",X-cmyc|Xcmyc|c-myc|cmyc|myc-a|myc-b,NCBI_Gene:379052|UniprotKB:Q2TAU1|UniprotKB:P06171,6.126983418599903,6.860147237945367,8.1828501407717,8.876462796352508,9.505647594403335,9.88562610035521
0.7356580175782027,0,6.864349405608747,13.722083483781628,14.538327650863774,42.61678599471597,XB-GENE-6072934,13.079534092091386,3.648602832587997,1.001935518025705,3.6415545381378434,2.7099669908364456e-4,0.02326667422386782,pdgfra.L,platelet derived growth factor receptor alpha L homeolog,pdgfr-alpha|pdgfr2|pdgfralpha,NCBI_Gene:380245|UniprotKB:Q7ZY71|UniprotKB:A0A1L8HTV1|UniprotKB:P26619|UniprotKB:A0A974DWL5,-0.4409330696613998,-9.965784284662087,2.7793331468707434,3.778532776612817,3.8618886504452683,5.41338374156475
151.54555162110975,101.2792939295836,167.03250220314618,249.2845166220329,290.76655301727544,290.63250776724334,XB-GENE-6077994,208.42348752673183,0.9961347519357352,0.24100962081192445,4.133174221758908,3.577873046730081e-5,0.00421481765539796,mrto4.L,"MRT4 homolog, ribosome maturation factor L homeolog",mrt4,NCBI_Gene:379539|UniprotKB:Q7SZU0,7.243617214343518,6.662209686562555,7.383993685377345,7.9616552550968995,8.18372247652599,8.183057233773795
375.1855889648834,326.1789025085119,149.87162868912432,232.13191226730584,184.15215024427445,89.42538700530565,XB-GENE-6078526,226.1575949465676,-0.7534004712092782,0.21388892802496903,-3.522391168940392,4.276725961765653e-4,0.03209445238418358,cdo1.L,cysteine dioxygenase type 1 L homeolog,NA,NCBI_Gene:398963|UniprotKB:Q6PA86,8.551464449451977,8.349524083275988,7.227593117022197,7.858807275139564,7.524762266908757,6.48262868451444
2.942632070312811,1.489401381317406,6.864349405608747,17.152604354727035,31.984320831900305,29.342705111115915,XB-GENE-6079148,14.962668859163704,2.813171938538053,0.8174722301305837,3.441305814252155,5.789138341520528e-4,0.03989779628431596,cnfn.1.L,"cornifelin, gene 1 L homeolog",cnfn.1-a|cnfn.1-b|cornifelin|plac8l2,NCBI_Gene:414661|UniprotKB:Q6NUC1,1.55759735770363,0.5757009164955483,2.7793331468707434,4.100439845532428,4.9993380493176245,4.874979140675458
899.7097554981419,899.5984343157132,1011.347479093022,1176.668658734275,1381.1411268320585,1400.7648511377954,XB-GENE-6250719,1128.2050509351675,0.4910268135304653,0.1431744723689615,3.4295695692531427,6.045394320605809e-4,0.04110462406849493,cct3.S,chaperonin containing TCP1 subunit 3 S homeolog,cct-gamma|cctg|pig48|tcp-1-gamma|tric5,NCBI_Gene:380506|UniprotKB:P50143,9.813317459352621,9.813138943698178,9.982064475210231,10.200493635966236,10.431646072849857,10.452000102933207
1.4713160351564054,2.978802762634812,4.576232937072499,54.88833393512651,139.56794544829222,74.75403444974769,XB-GENE-6251591,46.37277759467169,4.8576387029392025,0.6610986351412469,7.347827456792956,2.0145431176899933e-13,1.0204668162658662e-10,esr-5.L,bHLH-WRPW transcription factor ESR-5 L homeolog,ESR 5|Xesr5|esr5|x-esr5,NCBI_Gene:398356|UniprotKB:Q9W7B6,0.5580873815953251,1.5752168398196777,2.19447571308958,5.778453927653647,7.124834162613835,6.224098837156049
1699.3700206056485,1940.68999985658,1149.7785254394653,1435.101231012162,1248.3577342875026,725.8826335821294,XB-GENE-6251998,1366.5300241305813,-0.5132903685874762,0.14899420136950892,-3.4450358730035724,5.709836086260755e-4,0.03962078725336145,rnf222.L,ring finger protein 222 L homeolog,NA,NCBI_Gene:443658|UniprotKB:Q3KQD3|UniprotKB:A0A8J0TWN2,10.730785152576429,10.92235471262473,10.167141530136552,10.48693779711769,10.285816858131861,9.503594478064908
614.2744446777992,649.379002254389,326.0565967664155,388.7923653738128,304.33565882474835,206.7962074497693,XB-GENE-6252031,414.9390458911557,-0.8032742601827949,0.18548176235863068,-4.330745243996856,1.4860553264735024e-5,0.00197992825865452,has-rs.S,hyaluronan synthase related sequence protein S homeolog,hasrs,NCBI_Gene:398074|UniprotKB:O57428,9.262741903290426,9.342919147092525,8.348983023033794,8.602859789829614,8.249524313700396,7.692072893679162
0,0,0,3.430520870945407,7.753774747127346,24.452254259263263,XB-GENE-6252072,5.939424979556002,5.491355602050502,1.6331994375464225,3.362330084009973,7.728767533254568e-4,0.04987270310789938,pax3.L,paired box 3 L homeolog,Waardenburg syndrome 1|cdhs|hup2|pax-3|pax3-a|pax3-b|ws1|xpax3,NCBI_Gene:496377|UniprotKB:Q0IH87|UniprotKB:A0A1L8GAL5|UniprotKB:A0A8J0V9C8|UniprotKB:A0A8J0V5H5|UniprotKB:A0A8J0V8P6,-9.965784284662087,-9.965784284662087,-9.965784284662087,1.7788481293625023,2.9550848759200385,4.6119545678884375
3033.1180064749296,2640.7086490757606,3456.1999257240045,4040.010079016707,4691.033722012045,4840.149071662168,XB-GENE-6252150,3783.536575660936,0.575178749444871,0.13637802187615256,4.21753257256658,2.46990150380484e-5,0.00308920643642553,post.L,posterior protein L homeolog,LOC108704914|Xpo,NCBI_Gene:397964|UniprotKB:P27536,11.566586388850014,11.36670996789128,11.754971375461945,11.980143533980876,12.195690464048358,12.24083606445251
200.0989807812711,220.4314044349761,218.5151227452118,305.3163575141412,396.41173394688553,358.4001838572015,XB-GENE-6252158,283.19563054661455,0.7221025610151539,0.1985739895587841,3.6364408179520864,2.7643111677858246e-4,0.02329126431026128,ventx2.L,VENT homeobox 2 gene 1 L homeolog,Xbr-1a|Xvr-11b|ventx2.1|ventx2.1-a|ventx2.1-b|vox|vox1|xvent-2|xvent-2b,NCBI_Gene:397948|UniprotKB:Q91893|UniprotKB:A0A1L8FJ66,7.64457721845383,7.784192511148758,7.7715959195987185,8.254165799914713,8.630859496665803,8.48543159263367
0,4.468204143952218,12.58464057694937,28.587673924545054,31.984320831900305,92.9185661852004,XB-GENE-6252367,28.423900943757893,3.598515094240858,0.7385832275119295,4.872186315905387,1.1037000863695404e-6,2.329496994793711e-4,wnt5a.S,Wnt family member 5A S homeolog,LOC108704022|Xwnt-5A|wnt-5a|wnt5a-a|wnt5a-b,NCBI_Gene:378689|UniprotKB:A0A8J0U4C3,-9.965784284662087,2.1600179455476285,3.6537067427465364,4.837371797512835,4.9993380493176245,6.537910513520512
3657.691663398824,3546.2646889167436,2186.2952856863863,2899.933642905851,2364.9012978738406,1385.3948627462585,XB-GENE-6252582,2673.413573587984,-0.5250198065481947,0.13414775645060278,-3.9137427299540617,9.087645918256964e-5,0.00911553869285755,xepsin.L,epidermis specific serine protease L homeolog,NA,NCBI_Gene:397795|UniprotKB:Q9PVX7,11.83671814279468,11.792084912755254,11.094273212170185,11.50180467062018,11.207564866837961,10.43608255524616
146.39594549806233,116.17330774275769,117.83799812961684,221.84034965446963,194.81359052157455,263.3857101640643,XB-GENE-6252622,176.7411502850909,0.834999828288487,0.2428074045407849,3.438938898373794,5.839990289278327e-4,0.03997631190586401,rcc1.L,regulator of chromosome condensation 1 L homeolog,RanGEF|chc1|rcc1-a|rcc1-b|xrcc1,NCBI_Gene:397722|UniprotKB:P25183|UniprotKB:Q08B75,7.1937416425717515,6.860147237945367,6.880673259480593,7.793384488464029,7.605957921018638,8.041038742415067
29.42632070312811,25.3198234823959,205.9304821682624,230.98840531032403,359.5813038980307,926.3911185080882,XB-GENE-6252659,296.2729090117049,2.8792215495487588,0.2797354594198032,10.292658483556307,7.604722134244354e-25,1.540868798840591e-21,crabp2.L,cellular retinoic acid binding protein 2 L homeolog,xCRABP,NCBI_Gene:378522|UniprotKB:P50568,4.879084288736396,4.662252419663491,7.686020591362573,7.851682871473274,8.490178213111097,9.855479169097487
1.4713160351564054,0,2.2881164685362494,37.73572958039948,21.3228805546002,201.20712076193772,XB-GENE-6252662,44.00419390010501,5.787116716690117,0.8436792831129337,6.859379900069754,6.916009394210596e-12,2.9194204655311473e-9,cdh2.L,cadherin 2 L homeolog,N-Cad|N-cadherin|cadherin-2|cdh2-a|cdh2-b,NCBI_Gene:378518|UniprotKB:P33147,0.5580873815953251,-9.965784284662087,1.1947908680071906,5.237897493379948,4.414398100875565,7.652544723280729
0,0,5.720291171340623,3.430520870945407,23.26132424138204,37.72633514286332,XB-GENE-6252854,11.689745237755233,3.9469519931647774,1.144493711264361,3.4486445441490856,5.634078331490542e-4,0.03936472246643495,hes5.5.S,hairy and enhancer of split 5 gene 5 S homeolog,esr10,NCBI_Gene:378498|UniprotKB:B7ZQH5|UniprotKB:Q712T3,-9.965784284662087,-9.965784284662087,2.5163407687311548,1.7788481293625023,4.5399233449227,5.237538294374035
31.63329475586272,22.34102071976109,30.889572325239364,67.46691046192633,54.27642322989142,113.87764126456892,XB-GENE-6253409,53.414143792874974,1.42488225397474,0.40583281929810966,3.5110079476546097,4.464110517469594e-4,0.03253662133272263,axin2l.S,axin 2 like S homeolog,axil|conductin|xarp,NCBI_Gene:447702|UniprotKB:Q641H3|UniprotKB:A0A8J0TD29,4.983417528149298,4.4816877708848795,4.949094695640403,6.0761295759342975,5.762280326666642,6.831353374650343
72.09448572266386,86.38528011640955,163.60032750034182,100.6286122143986,176.39837549714713,440.83921250271766,XB-GENE-6253647,173.32438225894643,1.0006121799111751,0.2635799285662556,3.796238148154947,1.469083795366954e-4,0.01353026175532964,MGC145260.L,hypothetical protein MGC145260 L homeolog,NA,NCBI_Gene:733174|UniprotKB:A0A1L8EY90,6.171837022461369,6.432730296399412,7.354040644474862,6.652911098381849,7.462701643137485,8.784112019246859
552.4791712012302,606.1863621961843,688.723057029411,389.9358723307946,335.3507578132577,282.9475135714749,XB-GENE-6254029,475.9371223570588,-0.8805112779557944,0.1931639495250369,-4.558362365859925,5.155403221469884e-6,8.704898339451899e-4,fzd8.S,frizzled class receptor 8 S homeolog,Fz-8|Xfz8|frizzled 8|frizzled-8|frizzled8|fz8|fzd8-a|fzd8-b,NCBI_Gene:399367|UniprotKB:B7ZQV9,9.109778876137609,9.243619964881217,9.427782260808902,8.60709677183427,8.389531354021598,8.144395748228469
2.942632070312811,0,8.008407639876872,64.03638959098093,175.4291536537562,150.20670473547432,XB-GENE-6254051,66.77054794840019,5.313046922565354,1.122950541702814,4.7313276277589065,2.2305617828147347e-6,4.263739890886052e-4,hoxb7.L,homeobox B7 L homeolog,MM3|Xhox45|XlHbox2|hho.c1|hox-2.3|hox2|hox2c|hoxb7-a|hoxb7-b|xeb2,NCBI_Gene:399312|UniprotKB:Q4QR28|UniprotKB:P04476|UniprotKB:A0A974BX52,1.55759735770363,-9.965784284662087,3.001695547676012,6.000842594170261,7.454752935207475,7.230815005946314
560.5714093945904,452.77801992049143,653.2572517670992,928.5276490692236,651.317078758697,888.6647833652248,XB-GENE-6254190,689.1860320458877,0.5663261178339182,0.15853860611968537,3.572165365238434,3.540417277830007e-4,0.02802184956382484,mdk.L,midkine L homeolog,PTF-alpha-1|PTF-alpha-2|mdk-a|mdk-b|midkine|negf2|ptf-a|ptf-alpha|ptf-b|ptf-beta,NCBI_Gene:399256|UniprotKB:P48531|UniprotKB:A0A8J0USW6,9.130756928420634,8.822663300422649,9.351509633136757,9.858802613917604,9.347218462162942,9.795497130382172
2.206974052734608,4.468204143952218,0,128.07277918196186,188.02903761783813,51.699051862442325,XB-GENE-6254214,62.41267447648819,5.896725240093301,0.716664003482776,8.228019283007033,1.9033444790472254e-16,1.285518861148496e-13,tbx6.L,T-box 6 L homeolog,XTbx6,NA,1.1427232182161455,2.1600179455476285,-9.965784284662087,7.000831329652122,7.554819339234759,5.6920938226548605
13.977502333985852,7.44700690658703,27.45739762243499,46.88378523625389,202.5673652687019,148.80943306351642,XB-GENE-6254242,74.52374840524668,2.8312414795518697,0.466240132377659,6.072496301666577,1.2593699997982312e-9,3.987086708736213e-7,1a11.L,71 kDa protein L homeolog,big3,NCBI_Gene:780751|UniprotKB:Q91591,3.8051378925767145,2.8968544107181673,4.779175532112434,5.551047919005363,7.662265078457316,7.21733186676736
114.02699272462142,113.19450498012286,82.37219286730497,182.96111311708836,255.8745666552024,207.49484328574823,XB-GENE-6254453,159.32070227168137,1.0583042717274114,0.25568778880881915,4.139048941905936,3.487485528016819e-5,0.00419644765180681,ssb.S,Sjogren syndrome antigen B S homeolog,larp3|ssb-a|ssb-b,NCBI_Gene:394333|UniprotKB:P28048|UniprotKB:Q4KLV5,6.833244224757157,6.822672859325765,6.364103004993177,7.515401123109288,7.999298581980891,7.696938625361497
1888.4341311232463,1934.7323943313104,2449.4286795680546,1602.053246731505,1346.2491404699854,1461.546168867964,XB-GENE-6254481,1780.4072935153442,-0.5021783420377334,0.14707719738726518,-3.4143861248284497,6.392590976573532e-4,0.0428896285984546,ucp2.L,"uncoupling protein 2 (mitochondrial, proton carrier) L homeolog",bmiq4|slc25a8|ucph,NCBI_Gene:379915|UniprotKB:Q7ZXN1,10.882975511853385,10.917919061793597,11.258230158689587,10.645707283947734,10.394730779964785,10.51328067500604
11.03487026367304,10.425809669221842,16.016815279753743,29.73118088152686,33.922764518682136,95.01447369313723,XB-GENE-6254690,32.69098571766581,1.9275721737027505,0.5318115771452122,3.6245396989099823,2.8947655462903773e-4,0.02384298353615269,mfap2.L,microfibril associated protein 2 L homeolog,magp|magp-1|magp1|mfap2-a|mfap2-b,NCBI_Gene:379810|UniprotKB:Q8AVW2,3.4641284966462695,3.3822258933519853,4.001605482334173,4.893953384959933,5.084224369478364,6.570090576778188
0,0,2.2881164685362494,66.32340350494454,124.06039595403752,131.34353716404266,XB-GENE-6254881,54.00257551526016,7.476715319337162,1.3791468762307977,5.421261105830144,5.9180045213549515e-8,1.516687908930747e-5,gpx3.S,glutathione peroxidase 3 S homeolog,gpx-p|gpx3-a|gpx3-b|gshpx-3|gshpx-p,NCBI_Gene:444571|UniprotKB:Q6GM37|UniprotKB:A0A8J0PX46,-9.965784284662087,-9.965784284662087,1.1947908680071906,6.051467890379732,6.9549104532698385,7.037212387427551
605.4465484668608,965.132095093679,806.5610551590279,526.013200211629,441.9651605862587,412.8937790635596,XB-GENE-6255186,626.3353064301692,-0.7662113983523581,0.19601896417020412,-3.9088636224352937,9.273129124280586e-5,0.00921039913314574,efnb2.L,ephrin B2 L homeolog,Xefnb2|efnb2-a|efnb2-b|ephrin B2|ephrinB2,NCBI_Gene:379645|UniprotKB:Q6PF53|UniprotKB:A0A8J0UAB4,9.241858170595291,9.91458409836395,9.655641725295888,9.038957936627602,8.787792102777612,8.689630365937804
0.7356580175782027,2.978802762634812,13.728698811217496,61.749375677017326,138.5987236049013,243.12527092067472,XB-GENE-6255359,76.81942163233731,4.916194253523696,0.5588346973329816,8.797224433246638,1.4024164961793868e-18,1.1839901268994472e-15,krt12.2.S,"keratin 12, gene 2 S homeolog",fgk|fin and gill keratin|krt16,NCBI_Gene:446743|UniprotKB:Q6DDD5,-0.4409330696613998,1.5752168398196777,3.779228072278499,5.948376008681377,7.114780570235163,7.9255619814516
0,0,0,3.430520870945407,25.199767928163872,12.575445047621107,XB-GENE-6255435,6.867622307788398,5.730571021801041,1.5791464541353728,3.628904087264465,2.846269567917245e-4,0.02363570245292591,sox17a.S,SRY-box alpha 17 S homeolog,Sox17alpha|Xsox17-alpha|Xsox17alpha|sox17 alpha|sox17-alpha|tSox17alpha|xSox17alpha1|xSox17alpha2|xsox17|xsox17a,NCBI_Gene:398765|UniprotKB:Q90ZH9,-9.965784284662087,-9.965784284662087,-9.965784284662087,1.7788481293625023,4.655395791678968,3.6526522717182783
1.4713160351564054,0,0,30.874687838508663,34.891986362073055,55.19223104233708,XB-GENE-6255736,20.4050368796792,5.922964371819853,1.1699965485530592,5.062377644741614,4.140598017322838e-7,9.321866336332816e-5,tbxt.L,T-box transcription factor Tr L homeolog,X-bra|Xbra|Xbrachyury|bra|brachyury|ntl|t|t-a|t-b,NCBI_Gene:432248|UniprotKB:Q6INQ0,0.5580873815953251,-9.965784284662087,-9.965784284662087,4.948399371832508,5.124865172654026,5.7864194390564565
1156.4544036329346,935.344067467331,924.3990532886448,1672.9506780643767,1257.0807308780209,1352.5589784552478,XB-GENE-6255762,1216.464651964426,0.5034722236429843,0.1394020537696472,3.611655711148555,3.042483158067919e-4,0.02465871749950887,rpl4.S,ribosomal protein L4 S homeolog,rpl1|rpl4-a|rpl4-b,NCBI_Gene:398678|UniprotKB:P02385|UniprotKB:Q7SY96,10.175493917088295,9.869354891976512,9.85237353274693,10.70818005949221,10.295862736249623,10.401476855572842
27.2193466503935,20.851619338443683,44.61827113645686,205.8312522567244,188.02903761783813,257.09798764025373,XB-GENE-6256038,123.9412524400184,2.8429477916770423,0.30643036775814464,9.27763071420156,1.7328893646657594e-20,1.5959911048571645e-17,znf703.L,zinc finger protein 703 L homeolog,znf703-a|znf703-b,NCBI_Gene:398562|UniprotKB:Q7ZWN6,4.7666135345293865,4.382156709695682,5.479595041987848,7.685325248416674,7.554819339234759,8.006180119163481
1291.0798208497458,854.916392876191,902.6619468375504,1535.7298432265604,1421.848444254477,1401.4634869737745,XB-GENE-6256040,1234.6166558363832,0.5372902806658294,0.15293632792943382,3.5131632094222893,4.428053884379433e-4,0.03253662133272263,nop58.S,NOP58 ribonucleoprotein S homeolog,nop5|nop5/nop58|nop58-a|nop58-b,NCBI_Gene:398558|UniprotKB:A0A8J0U0R3,10.334363599938882,9.739641214866289,9.818043577591569,10.584709671835375,10.473552994677986,10.452719471689678
259.68728020510554,186.17517266467576,153.3038033919287,349.9131288364315,352.79675099429426,345.8247388095804,XB-GENE-6256046,274.6168124836694,0.8351473679593955,0.21879797182002933,3.8169794766029175,1.3509540278615237e-4,0.0129118068455331,iws1.S,"IWS1, SUPT6H interacting protein S homeolog",NA,NCBI_Gene:398541|UniprotKB:Q6DE96,8.020637096084068,7.540524634432138,7.2602590904318856,8.450857108684362,8.462697553845553,8.433901438370436
25.012372597658892,58.08665387137883,29.74551409097124,76.61496611778075,135.69105807472857,103.39810372488463,XB-GENE-6256139,71.42477807956715,1.538757303385244,0.3526717710492923,4.363142813520435,1.2820718875982816e-5,0.00179214682613211,sfrpx.S,secreted frizzled-related protein S homeolog,NA,NCBI_Gene:100125663|UniprotKB:Q0IHH5|UniprotKB:A0A8J1MBY1|UniprotKB:A0A8J0U9H4,4.644627686667816,5.860159656257641,4.8946487079018794,6.259573163783127,7.084192473453349,6.69207987003813
36.04724286133193,26.809224863713307,228.81164685362492,271.01114880468714,409.0116179109675,1479.7107006034169,XB-GENE-6256308,408.56693031629027,3.077199616063085,0.24369646085186153,12.627182213916749,1.495377302254808e-36,5.049889149714486e-33,krt18.1.S,"keratin 18, type I, gene 1 S homeolog",ENDO-B KERATIN|NC-11|cyk18|endo B|k18|krt18|krt18-a|krt18-b,NCBI_Gene:398482|UniprotKB:P08802,5.171857033215455,4.744711414483987,7.838022984237038,8.082213715255799,8.676001540317753,10.531100400634045
638.5511592578799,473.62963925893513,630.3760870817366,910.2315377575146,785.0696931466438,873.294794973688,XB-GENE-6256555,718.5254852460663,0.5675500631492439,0.1568762676585587,3.6178197736353415,2.970951529912957e-4,0.02427315318511949,rps12.L,ribosomal protein S12 L homeolog,rps12-a|rps12-b,NCBI_Gene:380286|UniprotKB:Q7ZY09,9.318660659082918,8.887618601985544,9.300071286506975,9.830091348507093,9.61667875977908,9.770326583219799
86.07198805664972,92.34288564167916,123.55828930095744,152.0864252785797,266.5360069325025,236.83754839686415,XB-GENE-6462217,159.57219060120545,1.0890797674159365,0.2581185044432059,4.21930140097944,2.450604829245436e-5,0.00308920643642553,robo3.L,roundabout guidance receptor 3 L homeolog,hgpps|hgps|rbig1|rig1|roundabout-3,NCBI_Gene:100322880|UniprotKB:D2KAS7,6.427488648293731,6.5289445342059755,6.949059667658246,7.24875706447954,8.058192045503718,7.8877601062772555
462.7288930566895,677.6776284994197,502.2415648437067,313.3209062130138,260.720675872157,219.3716524973904,XB-GENE-6464300,406.0102201637295,-1.0446135222706323,0.2035628312758433,-5.131651567840009,2.8721080896999e-7,6.613028876534019e-5,nkx2-3.L,NK2 homeobox 3 L homeolog,nkx-2.3|nkx2-3-a|nkx2-3-b|nkx2.3|xnkx-2.3|xnkx2-3,NCBI_Gene:100337631|UniprotKB:Q91862,8.854026491988053,9.40445746462946,8.972240491356466,8.2915018304701,8.026366720378535,7.77723987702215
0,0,1.1440582342681247,8.004548698872616,24.230546084772957,57.28813855027393,XB-GENE-6466680,15.111215261364604,5.9453290408120365,1.279190225094034,4.647728636587254,3.3561001402378655e-6,5.871469891479605e-4,hoxd4.L,homeobox D4 L homeolog,NA,NCBI_Gene:100380950|UniprotKB:Q2TAR0|UniprotKB:A0A1L8EWI5,-9.965784284662087,-9.965784284662087,0.19542097138199044,3.001000288189828,4.59881455323313,5.840189739192789
8.827896210938432,0,3.4321747028043736,107.48965395628942,213.228805546002,178.15213817463234,XB-GENE-6485591,85.1884447651111,5.746521777105265,1.2950177058180394,4.437407883527963,9.104866516613e-6,0.0013564912158795,sp5l.S,Sp5 transcription factor-like S homeolog,XSpr2|gli1-2|spr-2|spr2|xspr-2,NCBI_Gene:398277|UniprotKB:Q8UUU4,3.142233083338739,-9.965784284662087,1.7795432730995913,6.748067416314353,7.736265303800272,7.4769740866004355
523.0528504981021,454.2674213018088,877.4926656836516,1280.7277918196187,1657.36935219847,2577.9662347623266,XB-GENE-6486183,1228.4793860439963,1.5670796818448482,0.15718701618944886,9.969523691168826,2.072201915302116e-23,3.498912933987623e-20,bco2l.L,beta-carotene oxygenase 2 like L homeologue,NA,NCBI_Gene:108696498|UniprotKB:A0A1L8FLR5|UniprotKB:A0A8J0TAX7,9.030815675151688,8.827401208982389,9.777244900924382,10.32274928639796,10.694680304589193,11.332018212230425
66.20922158203824,38.72443591425255,51.4826205420656,115.49420265516204,111.4605119899556,229.1525542010957,XB-GENE-6486309,102.08725781409495,1.4876561311212495,0.33500355898171225,4.440717393102264,8.965947770494237e-6,0.00135573159496831,plxnb1.S,plexin B1 S homeolog,NA,NCBI_Gene:108715907|UniprotKB:A0A1L8GHW9|UniprotKB:A0A974HME4,6.0489820534207714,5.275209573741866,5.686041608321961,6.851689117179289,6.800401818782617,7.840170852046103
3.6782900878910136,1.489401381317406,16.016815279753743,42.30975740832668,44.58420479598224,139.72716719579006,XB-GENE-6488002,41.300939358176855,3.561286343126703,0.5770730987921102,6.171291558350134,6.773438529970034e-10,2.2136034111976266e-7,pnhd.L,pinhead L homeolog,pinhead,NCBI_Gene:100158295|UniprotKB:B1H1S8,1.879427427836583,0.5757009164955483,4.001605482334173,5.4029526066146305,5.47849313891988,7.126479066481452
0,1.489401381317406,3.4321747028043736,18.29611131170884,32.95354267529122,26.548161767200114,XB-GENE-852823,13.786565306386992,4.276631335675768,1.0421342025548184,4.10372418944844,4.065521085580861e-5,0.00473422920896778,meox2.S,mesenchyme homeobox 2 S homeolog,gax|meox2-a|meox2-b|mox-2|mox2,NCBI_Gene:380365|UniprotKB:Q7ZXL2,-9.965784284662087,0.5757009164955483,1.7795432730995913,4.1935439933840915,5.042405444593879,4.7305944066364125
1.4713160351564054,0,4.576232937072499,48.027292193235695,66.87630719397336,96.41174536509514,XB-GENE-864813,36.227148954088854,5.126337292855164,0.7631847656380669,6.7170330484378145,1.8546191846903298e-11,7.226594984652975e-9,hoxa9.S,homeobox A9 S homeolog,XIHbox 6|XlHbox-6|XlHbox6|hoxa9-A|xhoxa9,NCBI_Gene:100037070|UniprotKB:A2BD86|UniprotKB:A0A974CIX2,0.5580873815953251,-9.965784284662087,2.19447571308958,5.585812604521313,6.063444853548501,6.591151972251067
15.448818369142256,19.362217957126276,32.033630559507486,40.02274349436309,56.21486691667326,118.76809211642156,XB-GENE-864828,46.97506156887232,1.6156239404118613,0.4301953396620555,3.755558908845995,1.7295507228691856e-4,0.01577412223197224,spry2.S,sprouty RTK signaling antagonist 2 S homeolog,Xsprouty2|Xtsprouty2|sprouty 2|sprouty-2|sprouty2|xspry2,NCBI_Gene:398313|UniprotKB:Q90ZT6|UniprotKB:A0A974DL16,3.9495179725329983,4.275246827716674,5.001560447554673,5.322784206363292,5.812905483183876,6.892015634904268
7.356580175782027,4.468204143952218,21.73710645109437,28.587673924545054,74.6300819411007,214.48120164553777,XB-GENE-864834,58.54347471366869,3.048262745132461,0.48941248074604576,6.228412361870666,4.71185538033223e-10,1.591193561938194e-7,cdx1.S,caudal type homeobox 1 S homeolog,cdx-1,NCBI_Gene:397695|UniprotKB:Q91622|UniprotKB:A0A8J0UT29,2.879231358344454,2.1600179455476285,4.442154371379866,4.837371797512835,6.221704696189133,7.744714123452506
19.12710845703327,28.29862624503071,35.46580526231186,73.18444524683535,150.22938572559232,113.87764126456892,XB-GENE-864849,70.03050203356207,1.9982567902238175,0.36752301546811017,5.437092933291971,5.415689469016612e-8,1.4438513160686127e-5,hoxa3.S,homeobox A3 S homeolog,hox1e|hoxa-3|hoxa3a,NCBI_Gene:379985|UniprotKB:Q8AVM6,4.257622310203266,4.8227110943048945,5.14839747760487,6.193484855991367,7.2310328328668465,6.831353374650343
0.7356580175782027,1.489401381317406,1.1440582342681247,14.86559044076343,15.507549494254691,55.890866878316025,XB-GENE-864941,14.938854074416314,4.559709992663465,1.0858392866321616,4.1992494182134985,2.6780120825476493e-5,0.00330865126930368,ventx3.2.S,"VENT homeobox 3, gene 2 S homeolog",Xvex-1|ventral homeobox 1|vex1,NCBI_Gene:398140|UniprotKB:Q9W769,-0.4409330696613998,0.5757009164955483,0.19542097138199044,3.8940019071583434,3.9549918531308648,5.804566459029366
27.955004667971703,14.89401381317406,50.33856230779748,361.34819840624954,487.51858722563185,536.5523220318339,XB-GENE-864967,246.4344480754431,3.921199940378694,0.2977801121852734,13.168105524585854,1.3391591158790329e-39,6.783510501485241e-36,cdx2.L,caudal type homeobox 2 L homeolog,Xcaudal2|cad2|cdx-2|cdx3-like|xcad2,NCBI_Gene:735025|UniprotKB:Q2T9K7|UniprotKB:A0A974DR75,4.805086287590391,3.8967575563860826,5.653620767502361,8.497249883694206,8.92931637340744,9.067577741200681
1.4713160351564054,0,28.601455856703115,148.6559044076343,167.67537890662885,168.37123647092704,XB-GENE-865003,85.79588194617496,6.107845218074998,1.8000165555446328,3.3932161341854665,6.90771117194194e-4,0.04544287135256091,hoxa7.L,homeobox A7 L homeolog,Hox-A7|Xhox-36|XlHbox-3|XlHbox5|antp|hox36|xlhbox 3,NCBI_Gene:398549|UniprotKB:P09071|UniprotKB:B7ZRU4|UniprotKB:A0A974CLR8,0.5580873815953251,-9.965784284662087,4.83806711951956,7.215842660913529,7.389535656050308,7.395510456398262
0,0,2.2881164685362494,3.430520870945407,42.6457611092004,63.575861074084486,XB-GENE-865004,18.65670992046109,5.360167204548635,1.138965009676786,4.706173727031119,2.5240944065431886e-6,4.649381896852553e-4,evx1.L,even-skipped homeobox 1 L homeolog,Xhox3|eve1,NCBI_Gene:399437|UniprotKB:P50476,-9.965784284662087,-9.965784284662087,1.1947908680071906,1.7788481293625023,5.4143642723247165,5.990429884174805
214.8121411328352,162.34475056359724,433.5980707876192,439.1066714810121,408.0423960675766,1141.570955989605,XB-GENE-865084,466.5791643370409,1.2530176925944467,0.18006639055471546,6.958642802437367,3.4356637761515546e-12,1.5133352050517996e-9,fn1.S,fibronectin 1 S homeolog,LOC121393057|MGC97508|fibronectin|gene C,NCBI_Gene:397744|UniprotKB:Q6GQA5|UniprotKB:Q91740|UniprotKB:A0A8J0TYR8|UniprotKB:A0A8J0U0C7|UniprotKB:A0A8J0TXE5,7.746938442256646,7.342925812026939,8.7602178547425,8.778430929228778,8.67257878305526,10.156806083583076
289.84925892581185,339.58351494036856,240.25222919630616,181.81760616010655,115.33739936351928,79.64448530160034,XB-GENE-865126,207.74741564795212,-1.2666892153472566,0.2512663637473641,-5.0412207844136665,4.625714064934259e-7,1.0187632433010648e-4,hand2.L,heart and neural crest derivatives expressed 2 L homeolog,dhand|dhand2|hand2-a|hand2-b|xhand2,NCBI_Gene:373641|UniprotKB:P57101,8.179163964160024,8.407626863247279,7.908412011883795,7.506356033098808,6.849729096072613,6.315520679894787
12.506186298829446,34.25623177030034,26.313339388166867,122.35524439705284,251.9976792816387,249.41299344448527,XB-GENE-865143,116.1402790967456,3.1327904504665076,0.32152926760921174,9.743406793916243,1.9684220288924032e-22,2.8488690821012763e-19,hoxc6.S,homeobox C6 S homeolog,ACI|XlHbox1|xeb1,NCBI_Gene:394330|UniprotKB:P02832|UniprotKB:A0A8J0UI33,3.6446853624649336,5.0983366709264475,4.717777271843125,6.934943920376976,7.9772723623934745,7.962398600037011
0.7356580175782027,0,2.2881164685362494,20.583125225672443,8.722996590518264,37.02769930688437,XB-GENE-865157,11.559599268198255,4.489004331125927,1.12956258127753,3.974108566918784,7.064333661362407e-5,0.00745507961700651,wnt10a.L,Wnt family member 10A L homeolog,NA,NCBI_Gene:100049784|UniprotKB:A4ZGN7,-0.4409330696613998,-9.965784284662087,1.1947908680071906,4.363460233884144,3.1249892061497597,5.210571968283892
134.6254172168111,141.49313122515358,191.0577251227768,236.70594009523307,246.18234822129324,326.9615712381488,XB-GENE-865171,212.8376888532361,0.7957938495281865,0.21733310349484225,3.661632014319771,2.506136638367731e-4,0.02193354401696512,ptprd.S,protein tyrosine phosphatase receptor type D S homeolog,PTPD|XPTP-D|ptpdelta|rptpdelta,NCBI_Gene:399155|UniprotKB:Q9IAJ1,7.072817721923248,7.144598405178489,7.577872332861064,7.886958195358006,7.943589371373644,8.35298168366415
0,0,2.2881164685362494,5.717534784909011,28.10743345833663,39.12360681482122,XB-GENE-865180,12.539448587767186,5.060384665103722,1.258138642025865,4.022120055827433,5.767664490765341e-5,0.00642112186329051,hoxd3.L,homeobox D3 L homeolog,hox-d3,NCBI_Gene:100036911|UniprotKB:A1L2P5,-9.965784284662087,-9.965784284662087,1.1947908680071906,2.515645543973746,4.812931146440326,5.290004348551587
21.33408250976788,16.383415194491466,29.74551409097124,43.453264365308485,63.96864166380061,112.480369592611,XB-GENE-865212,47.89421456949178,1.629264652324818,0.43499390316818287,3.745488478018716,1.8004311075179875e-4,0.01614174119492454,tbxt.S,T-box transcription factor T S homeolog,X-bra|Xbra|Xbrachyury|bra|brachyury|ntl|t|t-a|t-b,NCBI_Gene:399275|UniprotKB:P24781,4.4151557848125025,4.034252274874303,4.8946487079018794,5.441425857123874,5.999315496685984,6.8135422559091054
64.00224752930363,41.703238676887366,160.16815279753743,125.78576526799826,188.02903761783813,332.5506579259804,XB-GENE-865250,152.03984996925757,1.3533640934763531,0.2895060672874292,4.674734820437107,2.943336869698038e-6,5.324811754805504e-4,dll1.L,delta-like 1 L homeolog,Delta-1|X-delta-1|XDelta1|Xdelta-1|Xdelta1|delta-1|delta1|x-delta,NCBI_Gene:100337564|UniprotKB:Q91902,6.000073204305561,5.382122116623366,7.323452513606236,6.974836325929384,7.554819339234759,8.377434653230427
9.563554228516637,16.383415194491466,51.4826205420656,41.16625045134489,135.69105807472857,83.1376644814951,XB-GENE-865255,56.23742716210704,1.8755183733344296,0.4725474033568692,3.968952871206516,7.218915617327246e-5,0.00753967362053013,mmp11.L,matrix metallopeptidase 11 L homeolog,gene 14|matrix metalloproteinase-11|st-3|st3|stromelysin 3|stromelysin-3,NCBI_Gene:379501|UniprotKB:Q11005|UniprotKB:A0A8J0V754,3.2576977310078927,4.034252274874303,5.686041608321961,5.363425189583079,7.084192473453349,6.377447667947082
0.7356580175782027,0,1.1440582342681247,4.5740278279272095,7.753774747127346,47.507236846568624,XB-GENE-865280,10.28579261224492,4.397497991109853,1.265866421279746,3.47390365775256,5.129451744754396e-4,0.03634019274552922,zeb2.S,zinc finger E-box binding homeobox 2 S homeolog,XSip1|XZfhx1b|sip1|smad interaction protein 1|zfhx1b,NCBI_Gene:100049718|UniprotKB:Q5U4S2,-0.4409330696613998,-9.965784284662087,0.19542097138199044,2.1937805187170047,2.9550848759200385,5.570105760488725
47.08211312500497,102.768695310901,92.6687169757181,152.0864252785797,211.29036185922016,213.7825658095588,XB-GENE-865334,136.6131463931638,1.30682333923005,0.2717958194965472,4.808106841564763,1.523663318849771e-6,3.0812680565125907e-4,slc7a5.S,solute carrier family 7 member 5 S homeolog,4f2lc|L amino acid transporter-1|LAT-1|cd98|e16|lat1|mpe16|slc7a5-a|slc7a5-b,NCBI_Gene:734908|UniprotKB:Q32NQ3,5.557137809093828,6.6832710956472114,6.534026060419419,7.24875706447954,7.7230899771251655,7.740007142756708
21.33408250976788,11.915211050539249,9.152465874144998,76.61496611778075,63.96864166380061,101.3021962169478,XB-GENE-865372,47.38126057216355,2.525693802172745,0.47694001746528625,5.29562148212186,1.1861230794307733e-7,2.8610983137412296e-5,wnt5b.S,Wnt family member 5B S homeolog,MGC89512|wnt-5b|xwnt5b,NCBI_Gene:379842|UniprotKB:P33945,4.4151557848125025,3.574853675691334,3.194318109810066,6.259573163783127,5.999315496685984,6.662535883100311
0,0,0,2.2870139139636048,18.415215024427447,18.16453173545271,XB-GENE-865376,6.477793445640627,5.595251324527347,1.6079341953146904,3.479776312259032,5.018325870618156e-4,0.03580328126424827,zic3.S,Zic family member 3 S homeolog,Zinc finger protein of the cerebellum 3|xzic3,NA,-9.965784284662087,-9.965784284662087,-9.965784284662087,1.1940958255189489,4.202904678217327,4.183131691352181
0,1.489401381317406,19.44898998255812,12.578576526799823,49.43031401293683,51.00041602646338,XB-GENE-865378,22.324616321679255,3.336153672072662,0.8360658603535043,3.9903000831322952,6.598975114101103e-5,0.00703728598746929,hes5.3.L,"hes family bHLH transcription factor 5, gene 3 L homeolog",esr2|hes3.3,NCBI_Gene:398259|UniprotKB:Q90Z13,-9.965784284662087,0.5757009164955483,4.281697507059373,3.653011451685727,5.627353352462577,5.6724653981675015
0,1.489401381317406,4.576232937072499,38.87923653738128,76.56852562788254,95.7131095291162,XB-GENE-865431,36.20441766879499,5.3688937057245045,0.8289174475255826,6.476994448302774,9.356763427646533e-11,3.2687369063961055e-8,hoxc8.S,homeobox C8 S homeolog,hoxc-8|xhoxc8,NA,-9.965784284662087,0.5757009164955483,2.19447571308958,5.280965090844146,6.258698414278305,6.580659707657785
89.75027814454073,98.3004911669488,73.21972699315998,361.34819840624954,295.6126622342301,241.0293634127379,XB-GENE-865434,193.2101200596445,1.779492013473889,0.23771350009800296,7.4858685465497405,7.10755089603529e-14,3.7898209540912376e-11,emx2.L,empty spiracles homeobox 2 L homeolog,emx-2|xemx2,NCBI_Gene:444481|UniprotKB:Q6GMD8,6.487860579334588,6.619141396324482,6.194180192815806,8.497249883694206,8.207569137141368,7.913071088867821
15.448818369142256,0,2.2881164685362494,42.30975740832668,57.18408876006418,30.041340947094863,XB-GENE-865541,24.545353658860705,3.3169335472438917,0.7928689945572703,4.183457254620017,2.8710909430058185e-5,0.00350446052332433,hoxc5.L,homeobox C5 L homeolog,XlHbox5,NCBI_Gene:378579|UniprotKB:Q08B46|UniprotKB:P09020,3.9495179725329983,-9.965784284662087,1.1947908680071906,5.4029526066146305,5.837567102443762,4.908925329216913
0,0,1.1440582342681247,5.717534784909011,16.47677133764561,25.150890095242215,XB-GENE-865554,8.081542408677493,5.164171363506145,1.4521235503136911,3.556289244390099,3.761299567877672e-4,0.02877596986495314,hoxd11.L,homeobox D11 L homeolog,NA,NCBI_Gene:735036|UniprotKB:Q1RMD8,-9.965784284662087,-9.965784284662087,0.19542097138199044,2.515645543973746,4.0424492222656365,4.652594913549309
807.7525033008666,768.5311127597815,498.80939014090234,574.0404924048647,429.3652766221768,312.2902186825908,XB-GENE-865562,565.1314989851971,-0.6674972132413204,0.16684288378312606,-4.00075327221615,6.314116595018621e-5,0.00680513991746102,gata3.S,GATA binding protein 3 S homeolog,GATA-3|XGATA-3|XGATA3,NCBI_Gene:399445|UniprotKB:Q2TAR8|UniprotKB:P23773|UniprotKB:A0A8J0UXU0|UniprotKB:A0A8J0UT92|UniprotKB:A0A8J0UUF7|UniprotKB:A0A974DA49,9.657771292379355,9.58596173329696,8.962347706362987,9.16501121016571,8.746065072958983,8.286748192558784
0,0,0,27.444166967563255,59.12253244684601,18.86316757143166,XB-GENE-865614,17.571644497640154,7.303634403351945,1.3477453766481775,5.4191500337519045,5.988304842289002e-8,1.516687908930747e-5,hes7.2.L,hes family bHLH transcription factor 7 L homeolog,ESR 4|ESR-4|enhancer-of-split-related 4|esr4,NCBI_Gene:398355|UniprotKB:A0A1L8H3L7|UniprotKB:A0A974HUM2,-9.965784284662087,-9.965784284662087,-9.965784284662087,4.778480211118863,5.885660563480045,4.237576533913503
16.18447638672046,62.55485801533105,11.440582342681246,6.861041741890814,3.876887373563673,0.6986358359789504,XB-GENE-865680,16.936080282694366,-2.947951883196989,0.83909196605929,-3.5132643410253883,4.426368690027369e-4,0.03253662133272263,hhex.L,hematopoietically expressed homeobox L homeolog,XHex|hex|tHex,NCBI_Gene:373590|UniprotKB:O13023,4.016627923866311,5.967073086136087,3.5162146819753874,2.778637901855304,1.955270903506414,-0.5153239075931709
81.6580399511805,72.9806676845529,251.6928115389874,33.16170175247227,29.07665530172755,76.15130612170559,XB-GENE-865753,90.78686372510435,-1.4734208336720125,0.3221411886592604,-4.573835589929791,4.788756665489641e-6,8.222863352216195e-4,nkx2-5.S,NK2 homeobox 5 S homeolog,AR2|Nkx-2.5|XNkx-2.5|XNkx2-5|csx|nkx-2.5|nkx2-5-a|nkx2-5-b|nkx2.5|tinman,NCBI_Gene:379882|UniprotKB:Q7T0T3|UniprotKB:P42583|UniprotKB:A0A974DBQ3,6.35154070107628,6.189462212824624,7.975525934792604,5.051489642315501,4.8618390360517125,6.250815821422275
10414.710554854615,9847.921933270689,9556.318430841644,10214.94764671844,6111.91294442313,4783.559568947873,XB-GENE-865962,8488.228513176065,-0.5721642644483694,0.1685852711537938,-3.3939160908452446,6.890080027768271e-4,0.04544287135256091,krt19.L,keratin 19 L homeolog,cytokeratin 19|krt15|krt9,NCBI_Gene:432054|UniprotKB:Q6IRP5|UniprotKB:A0A8J0TRW3,13.346335262697243,13.265603756453666,13.222239362984272,13.318394330824617,12.57740851507305,12.223869150344068
213.3408250976788,226.38900996024572,233.3878797906974,268.7241348907235,401.25784316384016,506.510981084739,XB-GENE-866058,308.2684456646541,0.7613743211859829,0.21365042615354604,3.56364522595803,3.6574019696977863e-4,0.02872336384109168,ssb.L,Sjogren syndrome antigen B L homeolog,larp3|ssb-a|ssb-b,NCBI_Gene:379324|UniprotKB:Q32N81|UniprotKB:Q7ZTK2|UniprotKB:P28049,7.737023019709124,7.822666486730725,7.86659201280367,8.069987458227725,8.648389377269561,8.984452584856626
51.49606123047419,59.57605525269624,93.8127752099862,136.07732788083447,221.95180213652029,395.4278831640859,XB-GENE-866060,159.72365081243288,1.798877026830378,0.26456192409808954,6.799455488399844,1.0501530395603238e-11,4.255640177514256e-9,sall1.L,spalt-like transcription factor 1 L homeolog,LOC108715370|sal-1|sal-like 1|sal1|sall1-a|sall1-b|sall1b|spalt-like 1|tbs|znf794,NCBI_Gene:379679|UniprotKB:Q6PCL1,5.686418199626068,5.89668491136968,6.55172787229751,7.088293508281009,7.794109112463154,8.627274442925119
6.6209221582038245,0,14.87275704548562,24.013646096617848,50.399535856327745,83.83630031747404,XB-GENE-866069,29.95719357901818,2.9573145054105554,0.6804703596476301,4.345985778046159,1.386515530870924e-5,0.00187290517910044,ror2.L,receptor tyrosine kinase like orphan receptor 2 L homeolog,Xror2,NCBI_Gene:398399|UniprotKB:Q8AV69|UniprotKB:A0A8J0U053|UniprotKB:A0A8J0TZ80|UniprotKB:A0A974E0Q3,2.727250051714469,-9.965784284662087,3.8946972067205037,4.585842642650007,5.655367167365669,6.389520355640339
580.4341758692019,430.4369992007303,446.1827113645686,348.7696218794497,278.1666690531935,280.85160606353804,XB-GENE-866233,394.14029723844703,-0.6783805234038195,0.17744850893320552,-3.8229711113502383,1.3185323258074373e-4,0.01272195332643347,tsku.L,"tsukushi, small leucine rich proteoglycan L homeolog",X-TSK|e2ig4|lrrc54|tsk|tsku-a|tsku-b|tsukushi|tsukushin|x-tsk-b1,NCBI_Gene:496379|UniprotKB:Q65YW8,9.180991142870447,8.749661634859228,8.801494036475338,8.446134711959983,8.119810937450787,8.133669379686081
3.6782900878910136,4.468204143952218,9.152465874144998,36.59222262341768,20.35365871120928,44.01405766667387,XB-GENE-866281,19.70981651788151,2.603633962482064,0.69628983110284,3.739296261670544,1.8453614141672163e-4,0.01639943551484918,wnt8a.L,Wnt family member 8A L homeolog,Xwnt-8|Xwnt8|wnt-8|wnt8,NCBI_Gene:397970|UniprotKB:P28026,1.879427427836583,2.1600179455476285,3.194318109810066,5.193504568724954,4.347287126742406,5.45992525283639
83.8650140039151,75.9594704471877,108.68553225547184,132.64680700988907,189.96748130462,323.46839205825404,XB-GENE-866389,152.43211617988962,1.1897019472642136,0.27235686962289357,4.368173084495647,1.2529018421267632e-5,0.00179214682613211,smarca5.S,"SWI/SNF related, matrix associated, actin dependent regulator of chromatin, subfamily a, member 5 S homeolog",SNF2H|imitation switch ISWI|iswi,NCBI_Gene:399165|UniprotKB:Q6DFM0,6.390014383961802,6.247176935468545,6.764029371611845,7.051457014288862,7.569616262870144,8.337485394991269
492.89087177739583,694.0610436939112,816.857579267441,377.3572958039947,306.27410251153015,560.3059404551182,XB-GENE-866454,541.2911389182318,-0.6982694358654467,0.19112343974343124,-3.6534997319157743,2.5869005874775374e-4,0.0223999058561837,msx2.L,msh homeobox 2 L homeolog,Hhox 7.1,NCBI_Gene:373769|UniprotKB:P35993|UniprotKB:A0A1L8GXR7,8.945127379663697,9.438920823945198,9.67394251949223,8.559791180383138,8.258684282982975,9.130073552944587
267.77951839846577,259.15584034922864,446.1827113645686,150.94291832159792,83.35307853161896,150.90534057145328,XB-GENE-866456,226.3865679228222,-1.338843423635898,0.23849727302300397,-5.61366344640243,1.9808731558518347e-8,5.733778840552839e-6,nkx2-3.S,NK2 homeobox 3 S homeolog,nkx-2.3|nkx2-3-a|nkx2-3-b|nkx2.3|xnkx-2.3|xnkx2-3,NCBI_Gene:397987|UniprotKB:Q91623,8.064907195125958,8.017681663403456,8.801494036475338,7.237868820200126,6.381180887181045,7.237509614054269
1.4713160351564054,0,4.576232937072499,30.874687838508663,49.43031401293683,64.27449691006343,XB-GENE-866599,25.10450795562297,4.591673818050824,0.8204622035271866,5.59644770753742,2.1878827177718432e-8,5.9906594091206875e-6,cyp26a1.L,cytochrome P450 family 26 subfamily A member 1 L homeolog,RACE|XCYP26A1|cyp26|retinoic acid converting enzyme|xCYP26,NCBI_Gene:496314|UniprotKB:Q5HZS9,0.5580873815953251,-9.965784284662087,2.19447571308958,4.948399371832508,5.627353352462577,6.006196953379404
339.13834610355144,195.1115809525802,243.68440389911055,504.2865680289749,358.61208205463976,366.08517805297,XB-GENE-868348,334.4863598486378,0.6732927483081907,0.19172855110777196,3.511697889636313,4.452538362081164e-4,0.03253662133272263,eif6.S,eukaryotic translation initiation factor 6 S homeolog,itgb4bp|p27(BBP)|p27BBP,NCBI_Gene:398731|UniprotKB:Q6GR45,8.405734361739103,7.608162996387521,7.928876029867544,8.97810284940662,8.486284307850232,8.51603949406216
81.6580399511805,83.40647735377473,97.2449499127906,214.97930791257883,306.27410251153015,294.1256869471381,XB-GENE-876631,179.61476076483214,1.6171387423376182,0.24286636097472344,6.6585538476690225,2.765349754754394e-11,1.037620680200621e-8,tle2.L,transducin like enhancer of split 2 L homeolog,Xesg1|esg|esg1|esg2|esg3|grg2|grg3|tle3|tle3a|xgrg3,NCBI_Gene:398072|UniprotKB:Q6DEF0|UniprotKB:O42469|UniprotKB:A0A1L8HY98|UniprotKB:A0A1L8HXN7|UniprotKB:A0A1L8HXM4,6.35154070107628,6.38210481977615,6.6035662610540005,7.748060705505816,8.258684282982975,8.200293879744624
0,1.489401381317406,1.1440582342681247,11.435069569818022,21.3228805546002,18.16453173545271,XB-GENE-876809,8.92599024590941,4.563368905287469,1.3484132158550586,3.384251097237827,7.137269831874714e-4,0.04665011655917595,tfap2e.L,transcription factor AP-2 epsilon L homeolog,NA,NCBI_Gene:735028|UniprotKB:Q2T9K2|UniprotKB:A0A974DMP4,-9.965784284662087,0.5757009164955483,0.19542097138199044,3.5155193964403444,4.414398100875565,4.183131691352181
131.68278514649828,165.32355332623206,178.47308454582745,351.0566357934133,512.7183551537958,499.5246227249495,XB-GENE-920534,306.46317278178606,1.509207094929718,0.1970026441811462,7.660846894735001,1.8471095506554233e-14,1.1007686386876526e-11,ventx2.2.L,"VENT homeobox 2, gene 2 L homeolog",Xom|vent-2|vent2|xvent-2|xvent2,NCBI_Gene:394272|UniprotKB:Q91914,7.040933900373496,7.369157193481935,7.479570791695385,8.45556409793193,9.00202555027048,8.964414871456361
5.149606123047419,7.44700690658703,18.304931748289995,22.870139139636045,81.41463484483712,85.23357198943194,XB-GENE-920881,36.73664845863826,2.5686538315667544,0.5346312617433674,4.804533545589323,1.5511269458310347e-6,3.0812680565125907e-4,ventx1.2.S,"VENT homeobox 1, gene 2 S homeolog",Xvent-1|Xvent1|vent-1|vent1,NCBI_Gene:100037246|UniprotKB:Q91926|UniprotKB:B7ZQJ4,2.3647422185599347,2.8968544107181673,4.194239301713487,4.5154563185370815,6.3472339673536435,6.413366815491864
140.5106813574367,168.30235608886687,152.15974515766058,236.70594009523307,236.49012978738403,315.0847620265066,XB-GENE-939946,208.2089357521813,0.768450594066695,0.22821709888629735,3.367191143068353,7.593803473905504e-4,0.04931591217572863,klf17.L,Kruppel-like factor 17 L homeolog,klf17.1|neptune|zfp393|znf393,NCBI_Gene:398243|UniprotKB:Q90XS5|UniprotKB:Q6GR57,7.134546262825255,7.394920135096717,7.2494524062319305,7.886958195358006,7.885642262338371,8.299600753657804
809.223819336023,856.4057942575084,536.5633118717504,1062.3179630360944,1354.9721370605037,889.3634192012038,XB-GENE-940537,918.1410741271808,0.5930121652072935,0.1522905484116694,3.893952522938406,9.862396039011656e-5,0.00970057614283758,nifk.S,nucleolar protein interacting with the FHA domain of MKI67 S homeolog,NA,NCBI_Gene:398645|UniprotKB:Q7SYS2,9.6603967585388,9.742152431087511,9.067607290594053,10.053001287433743,10.40404853445986,9.796630877723889
93.42856823243174,68.51246354060068,91.52465874144995,149.7994113646161,172.52148812358345,182.34395319050608,XB-GENE-942001,126.355090532198,0.9916863744027394,0.2764557318397973,3.5871434743028203,3.343203894812374e-4,0.02688095131614615,bysl.S,bystin like S homeolog,NA,NCBI_Gene:432128|UniprotKB:Q6INQ1,6.545807295694609,6.098315613977377,6.516104347023881,7.226897775339592,7.430640617693315,7.51052646014912
1.4713160351564054,2.978802762634812,25.16928115389874,26.300660010581453,25.199767928163872,58.68541022223183,XB-GENE-948813,23.300873018777853,2.539580492153177,0.7138212222430547,3.557726238753455,3.7407887659704654e-4,0.02877596986495314,robo1.L,roundabout guidance receptor 1 L homeolog,dutt1|roundabout|roundabout-1,NCBI_Gene:399392|UniprotKB:Q8UVD7,0.5580873815953251,1.5752168398196777,4.653649426486376,4.717081951950805,4.655395791678968,5.874954557765308
0.7356580175782027,0,2.2881164685362494,14.86559044076343,78.50696931466437,7.684994195768454,XB-GENE-960094,17.34688807288512,4.314560319374422,1.0881294877593937,3.965116622525034,7.33600713028361e-5,0.00758378451396972,itga4.S,integrin subunit alpha 4 S homeolog,inta4,NCBI_Gene:397839|UniprotKB:Q91687,-0.4409330696613998,-9.965784284662087,1.1947908680071906,3.8940019071583434,6.2947672037602,2.9422318869212427
1257.9752100587266,1044.0703683035017,1132.6176519254434,1787.301373762557,1621.508143993006,1586.6019835081963,XB-GENE-962294,1405.012455258572,0.5419448910671406,0.1372650901873729,3.948162568700913,7.875332015939465e-5,0.00805908976297805,nop2.L,NOP2 nucleolar protein L homeolog,nol1|nop1,NCBI_Gene:100036868|UniprotKB:A0A1L8FIN2,10.296888923926325,10.028004616472577,10.145446478048719,10.80356801317968,10.663121444105617,10.63172545166276
94.89988426758816,49.150245583474394,52.62667877633373,129.21628613894367,232.6132424138204,201.20712076193772,XB-GENE-963588,126.61890965701636,1.5204978651922012,0.3419198050950316,4.446942945494488,8.710095970678276e-6,0.00133699973149911,ism1.L,"isthmin 1, angiogenesis inhibitor L homeolog",isthmin,NCBI_Gene:398306|UniprotKB:Q8QFV1|UniprotKB:A0A8J0V803|UniprotKB:A0A8J0V4R4|UniprotKB:A0A974CUH7,6.568349624942185,5.619156072477261,5.717749858866379,7.013655270323312,7.861795622057654,7.652544723280729
324.4251857519874,288.9438679755768,464.48764311285856,539.7352836954107,518.5336862141412,661.6081366720659,XB-GENE-964366,466.2889672370068,0.692101213508178,0.1754309154344302,3.945149643632001,7.975015878705977e-5,0.00807948858671702,fam83d.L,family with sequence similarity 83 member D L homeolog,NA,NCBI_Gene:495259|UniprotKB:A1L1G9|UniprotKB:Q5XGY0,8.341746459791942,8.174650435836583,8.85949951248586,9.076110865315604,9.018296687888212,9.369835347712666
80.9223819336023,62.55485801533105,88.0924840386456,187.53514094501557,157.01393862932875,345.12610297360146,XB-GENE-967335,153.54081775592078,1.5115761402178924,0.26967742585810783,5.605126700568612,2.0810267788595193e-8,5.856356193507164e-6,nid2.L,nidogen 2 L homeolog,nid-2|nidogen-2|osteonidogen,NCBI_Gene:495003|UniprotKB:Q5XHG8|UniprotKB:A0A8J0TF48,6.338484708862675,5.967073086136087,6.460963406963965,7.551024840517754,7.29475801552334,8.43098396343296
19.862766474611472,16.383415194491466,26.313339388166867,61.749375677017326,125.99883964081936,90.82265867726356,XB-GENE-968501,56.85506584206168,2.0838908516017987,0.42088125042507657,4.951256083508438,7.373599767154956e-7,1.589402962575465e-4,dlc.L,putative ortholog of delta-like protein C precursor (SwissPro) L homeolog,X-Delta2|delta-2|delta2|dll3|x-delta-2,NCBI_Gene:379238|UniprotKB:Q7ZXT4,4.312067300786787,4.034252274874303,4.717777271843125,5.948376008681377,6.977278087392441,6.504996249346462
196.42069069338012,77.4488718285051,196.77801629411744,277.87219054657794,346.01219809055783,400.31833401593855,XB-GENE-968930,249.14171691151284,1.1897655699671985,0.2749008952230188,4.327979976209163,1.504831466946977e-5,0.00197992825865452,ptafr.L,platelet activating factor receptor L homeolog,NA,NCBI_Gene:379327|UniprotKB:A0A1L8HE61|UniprotKB:Q7ZWY0,7.617810443907349,6.2751909463937094,7.620432575581665,8.118282838522346,8.434683257858262,8.645007484279429
0,0,3.4321747028043736,9.14805565585442,34.891986362073055,49.603144354505474,XB-GENE-972091,16.179226845872886,5.033313321228634,1.1392203611183769,4.418208709232876,9.952229417386724e-6,0.00146124690184847,msgn1.L,mesogenin 1 L homeolog,MesP-related bHLH factor|Mespo|mes1|mesogenin|msgn1-a|msgn1-b|pMesogenin1,NCBI_Gene:399133|UniprotKB:Q9W690|UniprotKB:B7ZPW4|UniprotKB:A0A974CXP7,-9.965784284662087,-9.965784284662087,1.7795432730995913,3.1936228394704282,5.124865172654026,5.6323887556187815
1673.621989990411,1338.971841804348,1728.6719919791362,2417.3737070595303,2083.8269632904744,2524.171275391948,XB-GENE-974211,1961.106294919308,0.5709913473393734,0.13105480659274987,4.356889779050358,1.3192365830070064e-5,0.00180610619222215,rpl10a.S,ribosomal protein L10a S homeolog,NA,NCBI_Gene:379897|UniprotKB:Q7ZYS8,10.708758859307325,10.386910983642805,10.755449269044732,11.23922540117364,11.02502046114957,11.3015946626418
147.86726153321874,104.25809669221842,185.3374339514362,234.41892618126948,226.7979113534749,287.1393285873486,XB-GENE-974827,197.63649304982772,0.7939352432900879,0.23271298945601557,3.4116498831714224,6.457099135724572e-4,0.0430374153579116,ddx49.S,DEAD-box helicase 49 S homeolog,NA,NCBI_Gene:394406|UniprotKB:A0A8J0U3K9,7.2081686151505115,6.7040294552691835,7.534018276328887,7.872951396826149,7.825269905060543,8.165612159703272
1386.7153631349122,926.4076591794266,1398.0391622756483,2094.9047451906617,1417.0023350375225,2109.88022465643,XB-GENE-976216,1555.4915815791005,0.6005120301401281,0.13381561703453257,4.487607974674282,7.202730980094674e-6,0.00112262873168214,rplp0.S,"ribosomal protein, large, P0 S homeolog",l10e|lp0|prlp0|rpp0,NCBI_Gene:379826|UniprotKB:Q8AVI3|UniprotKB:A0A974DU82,10.437457015838707,9.855504928094136,10.449190091071886,11.032669619753769,10.468627438427145,11.042946069650329
8.827896210938432,5.957605525269624,32.033630559507486,78.90198003174436,125.02961779742846,264.7829818360222,XB-GENE-989271,85.92228532681843,3.3901162477004507,0.4050761377706753,8.369084059993899,5.806781723586864e-17,4.525269664742962e-14,hs3st3a1.L,heparan sulfate-glucosamine 3-sulfotransferase 3A1 L homeolog,NA,NCBI_Gene:100037135|UniprotKB:A0A1L8EUR6,3.142233083338739,2.574974740558613,5.001560447554673,6.302007884300115,6.966137618546736,8.048672038412594
617.217076748112,504.9070682666006,575.4612918368666,880.5003568759878,1041.9134816452372,931.2815693599408,XB-GENE-990563,758.5468074554575,0.7473576884159683,0.16521395318307094,4.523574879827693,6.080379405394878e-6,9.77782916762786e-4,nop58.L,NOP58 ribonucleoprotein L homeolog,nop5|nop5/nop58|nop58-a|nop58-b,NCBI_Gene:446463|UniprotKB:Q0P3Q8,9.269636505171635,8.979876921145147,9.168577586138682,9.782181417064315,10.025021153478649,9.863075165895863
346.49492627933347,296.3908748821638,303.17543208105303,518.0086515127565,450.688157176777,510.7027961006127,XB-GENE-991563,404.2434730054494,0.6458941517962956,0.17769656631695482,3.6348150399497503,2.781801383418828e-4,0.02329126431026128,wdr43.L,WD repeat domain 43 L homeolog,NA,NCBI_Gene:100101293|UniprotKB:A0A1L8G6R0|UniprotKB:A0A974CU65,8.436694580604307,8.211362088741419,8.244013797369057,9.016835168111019,8.815988931428922,8.996342972528156
239.8245137304941,253.198234823959,310.03978148666175,378.50080276097657,395.44251210349466,616.8954431694132,XB-GENE-996300,365.65021467916654,0.7683310485969799,0.18832156840218203,4.079888751542903,4.505725899165129e-5,0.00518721694141385,rcc2.L,regulator of chromosome condensation 2 L homeolog,TD-60|telophase disc 60 kDa protein,NCBI_Gene:734455|UniprotKB:Q52KW8,7.90584133716097,7.9841292346778365,8.276314183915929,8.564156361394257,8.62732781461559,9.268884517941943
