Top,p.value,FDR,summary.logFC,logFC.hspc,ensembl_gene_id
1,7.038137894401305e-117,1.9706786104323156e-114,1.5969100793979987,1.5969100793979987,ENSMUSG00000028639
2,4.736622223753693e-90,6.631271113255179e-88,3.03516471541103,3.03516471541103,ENSMUSG00000024053
3,1.832630232166606e-88,1.710454883355508e-86,3.2610562606975426,3.2610562606975426,ENSMUSG00000041329
4,4.211954153420369e-79,2.948367907394257e-77,-2.146490808164349,-2.146490808164349,ENSMUSG00000030336
5,5.855863532040066e-79,3.2792835779423916e-77,-3.056730391790204,-3.056730391790204,ENSMUSG00000016494
6,2.7085938206015105e-78,1.2640104496140428e-76,3.0008098684068374,3.0008098684068374,ENSMUSG00000002808
7,2.0298378976676465e-68,8.119351590670538e-67,-2.7185180056802616,-2.7185180056802616,ENSMUSG00000027611
8,4.85658105982291e-65,1.6998033709380143e-63,-2.9063764890862256,-2.9063764890862256,ENSMUSG00000030745
9,3.19341048283581e-62,9.935054835489265e-61,2.7202264532309988,2.7202264532309988,ENSMUSG00000035206
10,9.552916953393326e-55,2.6748167469501277e-53,-2.4724616295657262,-2.4724616295657262,ENSMUSG00000059588
11,7.687804820371209e-53,1.9568957724581148e-51,2.3099481252776473,2.3099481252776473,ENSMUSG00000022797
12,1.0263494249376003e-51,2.394815324854405e-50,2.041176583481172,2.041176583481172,ENSMUSG00000026837
13,1.5878942552614414e-51,3.4200799344092465e-50,-2.572539184492605,-2.572539184492605,ENSMUSG00000021728
14,7.495359312207863e-51,1.4990718624415824e-49,-2.504061414624027,-2.504061414624027,ENSMUSG00000025780
15,1.5986746905153756e-50,2.9841927556287093e-49,1.8304106699167588,1.8304106699167588,ENSMUSG00000030062
16,2.71738500838027e-50,4.755423764665452e-49,2.3371399786254017,2.3371399786254017,ENSMUSG00000030117
17,1.541211368787565e-49,2.5384657838854022e-48,2.2862178604929944,2.2862178604929944,ENSMUSG00000031170
18,9.533726636406457e-49,1.4830241434410134e-47,-2.096393070398254,-2.096393070398254,ENSMUSG00000038235
19,8.802654388760161e-45,1.2972332783435955e-43,-2.145073189211317,-2.145073189211317,ENSMUSG00000022309
20,3.718379557661101e-42,5.205731380725524e-41,-2.118433032103356,-2.118433032103356,ENSMUSG00000034881
21,8.700122625339168e-41,1.1600163500452184e-39,-1.3378209156558043,-1.3378209156558043,ENSMUSG00000031785
22,1.846550789065051e-40,2.2880668412418883e-39,-1.99519437449749,-1.99519437449749,ENSMUSG00000001946
23,1.8794834767344155e-40,2.2880668412418883e-39,-1.949252858322039,-1.949252858322039,ENSMUSG00000054641
24,2.3151063072742863e-40,2.7009573584866672e-39,1.7455357832561522,1.7455357832561522,ENSMUSG00000047953
25,3.150450329369755e-40,3.528504368894117e-39,1.649902512840453,1.649902512840453,ENSMUSG00000062585
26,2.943254493830995e-39,3.1696586856641323e-38,-1.755701645568557,-1.755701645568557,ENSMUSG00000026395
27,4.393302950095724e-38,4.556017874173326e-37,1.2893520027710101,1.2893520027710101,ENSMUSG00000021427
28,4.468989031281684e-37,4.4689890312817044e-36,2.0501036047748853,2.0501036047748853,ENSMUSG00000020238
29,2.4651689419469923e-34,2.3801631163626196e-33,-1.6630307147710437,-1.6630307147710437,ENSMUSG00000036594
30,8.024821198053957e-33,7.489833118183701e-32,1.0153301449653611,1.0153301449653611,ENSMUSG00000023175
31,8.34525519673115e-31,7.53764985511201e-30,-1.6038548022731367,-1.6038548022731367,ENSMUSG00000022636
32,8.593188729488062e-30,7.519040138302009e-29,-1.4672353955283424,-1.4672353955283424,ENSMUSG00000024462
33,1.23081734753732e-29,1.0443298706377224e-28,-1.2567827395896707,-1.2567827395896707,ENSMUSG00000022816
34,3.7195154410211523e-29,3.063130363193886e-28,-1.6526440265834301,-1.6526440265834301,ENSMUSG00000026923
35,1.7963543738919113e-28,1.4370834991135269e-27,-1.6582342401282457,-1.6582342401282457,ENSMUSG00000026072
36,2.147987940385124e-28,1.6706572869662028e-27,1.69256098628414,1.69256098628414,ENSMUSG00000032336
37,2.686212523708659e-28,2.0328094774011514e-27,1.4860131851126577,1.4860131851126577,ENSMUSG00000000555
38,6.139240120181982e-27,4.523650614870933e-26,1.162138207894417,1.162138207894417,ENSMUSG00000027642
39,5.605639197783864e-26,4.024561475332001e-25,-1.6369910803625816,-1.6369910803625816,ENSMUSG00000025351
40,2.7430846584648055e-25,1.8891565487850473e-24,1.7585307951928915,1.7585307951928915,ENSMUSG00000015355
41,2.766264946435242e-25,1.8891565487850473e-24,-1.2657030256110136,-1.2657030256110136,ENSMUSG00000024109
42,6.285415594015999e-25,4.19027706267734e-24,1.558092023679038,1.558092023679038,ENSMUSG00000038280
43,1.3800143341288877e-24,8.986139850141564e-24,1.1377051237673044,1.1377051237673044,ENSMUSG00000020402
44,8.779616777833522e-24,5.587028858621319e-23,-1.6498127274227636,-1.6498127274227636,ENSMUSG00000027435
45,2.0615901780834885e-23,1.2827672219186126e-22,-1.200720310246429,-1.200720310246429,ENSMUSG00000004207
46,4.7574920970798044e-23,2.8958647547442325e-22,-1.1899367133681813,-1.1899367133681813,ENSMUSG00000003420
47,6.429325861992489e-22,3.8302366837402025e-21,-1.1957870049053971,-1.1957870049053971,ENSMUSG00000004631
48,8.390810484361179e-22,4.894639449210678e-21,-1.4672968736309075,-1.4672968736309075,ENSMUSG00000030748
49,1.8527355180426417e-21,1.0587060103100804e-20,-1.6438964756588392,-1.6438964756588392,ENSMUSG00000030605
50,9.387078825319986e-21,5.256764142179208e-20,1.2072538841630545,1.2072538841630545,ENSMUSG00000032412
51,1.2681601279859925e-20,6.962447761491743e-20,-0.9680228577956691,-0.9680228577956691,ENSMUSG00000022661
52,3.24736434304502e-20,1.7485808001011644e-19,-1.1826399095710107,-1.1826399095710107,ENSMUSG00000030124
53,3.801448452999282e-20,2.0083123902637734e-19,1.0606669900201302,1.0606669900201302,ENSMUSG00000021759
54,1.1067592853217732e-19,5.738751849816609e-19,-0.8795867940709221,-0.8795867940709221,ENSMUSG00000040537
55,1.721138923497553e-19,8.762161792351167e-19,0.775139426132063,0.775139426132063,ENSMUSG00000050377
56,5.349186900634483e-19,2.674593450317249e-18,1.2304265315893688,1.2304265315893688,ENSMUSG00000028184
57,2.797567676053938e-18,1.3742437706931581e-17,-0.9957049620847205,-0.9957049620847205,ENSMUSG00000026748
58,3.014229982603956e-17,1.4551455088432904e-16,-0.8464567257484927,-0.8464567257484927,ENSMUSG00000031990
59,7.351220374337753e-17,3.4763205703173894e-16,-0.6081195595042825,-0.6081195595042825,ENSMUSG00000024670
60,7.449258364965842e-17,3.4763205703173894e-16,-0.9679951532711584,-0.9679951532711584,ENSMUSG00000004609
61,1.9936373350862875e-16,9.1511221938387e-16,-1.2532505865243408,-1.2532505865243408,ENSMUSG00000037405
62,4.3909936310903744e-16,1.983029381782747e-15,-1.2266476182653476,-1.2266476182653476,ENSMUSG00000045362
63,2.666632596635753e-15,1.1851700429492221e-14,-1.3485951694775302,-1.3485951694775302,ENSMUSG00000036503
64,7.992150002913066e-14,3.4965656262744633e-13,1.1160131474120227,1.1160131474120227,ENSMUSG00000052593
65,8.25184998073111e-14,3.554643068622635e-13,-1.0527697369289806,-1.0527697369289806,ENSMUSG00000037649
66,3.289454768403771e-13,1.3955262653834156e-12,-0.9949536734297048,-0.9949536734297048,ENSMUSG00000029338
67,4.0927390719931583e-13,1.710398418146396e-12,-0.6368624735971163,-0.6368624735971163,ENSMUSG00000035498
68,5.32098705247938e-13,2.1909946686679805e-12,-0.6230294763329578,-0.6230294763329578,ENSMUSG00000022901
69,7.402861704947109e-13,3.004059822297373e-12,-0.9024908354954326,-0.9024908354954326,ENSMUSG00000022667
70,9.169613365645578e-13,3.667845346258232e-12,0.9910224180004837,0.9910224180004837,ENSMUSG00000026656
71,1.1368864689717918e-12,4.4834959339732655e-12,0.952061261746829,0.952061261746829,ENSMUSG00000025809
72,1.3513409577272686e-12,5.255214835606038e-12,-0.669320563162435,-0.669320563162435,ENSMUSG00000028469
73,1.683398321956496e-12,6.45687027599753e-12,1.1719925827271447,1.1719925827271447,ENSMUSG00000074785
74,2.078790596923661e-12,7.865694150521961e-12,1.0685871464857968,1.0685871464857968,ENSMUSG00000027366
75,3.2498165606583894e-12,1.2132648493124654e-11,-0.900148526637238,-0.900148526637238,ENSMUSG00000022657
76,3.781134620441101e-12,1.3930495970046183e-11,-0.9290181961679539,-0.9290181961679539,ENSMUSG00000027340
77,3.833327313383659e-12,1.3939372048667844e-11,-1.0538154123877868,-1.0538154123877868,ENSMUSG00000028645
78,4.007373474128625e-12,1.438544324046174e-11,-0.9492848692420414,-0.9492848692420414,ENSMUSG00000016496
79,4.187770153235934e-12,1.4842729657038736e-11,-0.8081556246954439,-0.8081556246954439,ENSMUSG00000026566
80,7.117147699295001e-12,2.4910016947532504e-11,1.0207508081794963,1.0207508081794963,ENSMUSG00000027312
81,8.95035639888604e-12,3.0939503601087493e-11,0.9806017655957948,0.9806017655957948,ENSMUSG00000031021
82,1.1754885865323637e-11,4.013863466208072e-11,-0.5310176579269539,-0.5310176579269539,ENSMUSG00000026576
83,2.6343352511197692e-11,8.886914100163087e-11,-0.6261298746353907,-0.6261298746353907,ENSMUSG00000000791
84,2.668140134722384e-11,8.893800449074612e-11,1.0012573240716804,1.0012573240716804,ENSMUSG00000023942
85,7.904896004327774e-11,2.6039657426020936e-10,0.9627559564067294,0.9627559564067294,ENSMUSG00000013236
86,9.398763900193723e-11,3.0600626651793466e-10,-0.6783752397102837,-0.6783752397102837,ENSMUSG00000027408
87,9.967656552815755e-11,3.2079814192970293e-10,-0.5183505907315641,-0.5183505907315641,ENSMUSG00000050921
88,2.0513780815687152e-10,6.527112077718634e-10,-0.5096858648055216,-0.5096858648055216,ENSMUSG00000031375
89,2.2158927093615345e-10,6.971347849676749e-10,-0.9722129411926899,-0.9722129411926899,ENSMUSG00000005465
90,4.283169077639147e-10,1.3325414908210676e-9,-0.4735854657707933,-0.4735854657707933,ENSMUSG00000037206
91,5.185243898520956e-10,1.595459661083368e-9,-0.5884932603262495,-0.5884932603262495,ENSMUSG00000039005
92,1.2174346896788267e-9,3.7052360120659925e-9,-0.8422596830166165,-0.8422596830166165,ENSMUSG00000067336
93,1.237770643383258e-9,3.7266212919065804e-9,-0.9808758327734344,-0.9808758327734344,ENSMUSG00000034708
94,2.3081915499232043e-9,6.875464191260613e-9,0.9804216841697068,0.9804216841697068,ENSMUSG00000023961
95,3.472380620543362e-9,1.0234384986864634e-8,-1.000264960801335,-1.000264960801335,ENSMUSG00000040592
96,4.516037638900891e-9,1.3171776446794261e-8,0.7382656325683781,0.7382656325683781,ENSMUSG00000028641
97,8.729388623996751e-9,2.5198235203289582e-8,-0.7936998777900893,-0.7936998777900893,ENSMUSG00000057530
98,2.3178593833032755e-8,6.622455380866507e-8,-0.3389645962623329,-0.3389645962623329,ENSMUSG00000032816
99,3.176933163675092e-8,8.985265513424492e-8,-0.4956014059257359,-0.4956014059257359,ENSMUSG00000037944
100,3.497916629245625e-8,9.79416656188776e-8,-0.4158023730070505,-0.4158023730070505,ENSMUSG00000043110
101,6.645321082106469e-8,1.8422672306829823e-7,-0.7246508059189185,-0.7246508059189185,ENSMUSG00000004707
102,1.0201446474686637e-7,2.800397071482609e-7,0.5682217373399716,0.5682217373399716,ENSMUSG00000007891
103,1.0576744625125186e-7,2.875231548577719e-7,-0.6900604425505263,-0.6900604425505263,ENSMUSG00000017756
104,1.1421787710162498e-7,3.075096691197595e-7,-0.28544356439620544,-0.28544356439620544,ENSMUSG00000055022
105,1.889438224418643e-7,5.038501931783044e-7,-0.46478933103138337,-0.46478933103138337,ENSMUSG00000052013
106,3.1787045930368217e-7,8.39657817028595e-7,0.8382284396939649,0.8382284396939649,ENSMUSG00000048376
107,4.0764693549489025e-7,1.0667396442856931e-6,-0.27020089611898823,-0.27020089611898823,ENSMUSG00000027750
108,8.550477978761109e-7,2.216790587086212e-6,0.8474499533209858,0.8474499533209858,ENSMUSG00000053063
109,1.292699190923227e-6,3.3206951693440686e-6,-0.2916785795731769,-0.2916785795731769,ENSMUSG00000035914
110,1.6269488471931886e-6,4.141324338309936e-6,0.39403209715692966,0.39403209715692966,ENSMUSG00000018166
111,2.265391478747254e-6,5.714501027470555e-6,-0.3353406020517477,-0.3353406020517477,ENSMUSG00000037440
112,2.513198634497699e-6,6.282996586244254e-6,0.7179796455167695,0.7179796455167695,ENSMUSG00000021733
113,5.001191949175737e-6,1.2392334033355801e-5,-0.1653559529965632,-0.1653559529965632,ENSMUSG00000028766
114,5.813629298514231e-6,1.4279089505122677e-5,-0.4819617708652659,-0.4819617708652659,ENSMUSG00000052155
115,6.734469504127207e-6,1.6396969227440165e-5,0.5970584002892769,0.5970584002892769,ENSMUSG00000025008
116,6.874826122463762e-6,1.6594407881809092e-5,-0.21380595420249407,-0.21380595420249407,ENSMUSG00000028019
117,8.134572614919374e-6,1.9467353266473706e-5,-0.4197592846835009,-0.4197592846835009,ENSMUSG00000003882
118,9.57606576967221e-6,2.2722867928035757e-5,-0.36771636443171096,-0.36771636443171096,ENSMUSG00000026836
119,1.1173535045938129e-5,2.6290670696325017e-5,-0.3997490568282412,-0.3997490568282412,ENSMUSG00000029386
120,1.1532210608076452e-5,2.6908491418845074e-5,-0.2088055748490551,-0.2088055748490551,ENSMUSG00000038552
121,1.4165529568109783e-5,3.277973784355981e-5,0.5614039421155015,0.5614039421155015,ENSMUSG00000005087
122,1.4793336834491731e-5,3.395192060375152e-5,-0.6238011738115516,-0.6238011738115516,ENSMUSG00000037902
123,1.5143008065324866e-5,3.447188827878828e-5,-0.17880965830909878,-0.17880965830909878,ENSMUSG00000040605
124,1.614963762721179e-5,3.646692367434921e-5,0.4341038570406095,0.4341038570406095,ENSMUSG00000037370
125,2.2355655449443177e-5,5.0076668206752726e-5,-0.22606292612828444,-0.22606292612828444,ENSMUSG00000018500
126,2.2559041787434294e-5,5.013120397207624e-5,0.7083506738496754,0.7083506738496754,ENSMUSG00000024614
127,2.30082719426342e-5,5.072689877116201e-5,0.6897638300391122,0.6897638300391122,ENSMUSG00000031835
128,2.3542989854187985e-5,5.150029030603626e-5,0.5096151898867488,0.5096151898867488,ENSMUSG00000079037
129,3.825110693257827e-5,8.302565845830948e-5,0.472643019476871,0.472643019476871,ENSMUSG00000040907
130,4.7394111455440824e-5,1.0207962467325724e-4,-0.5766900852153551,-0.5766900852153551,ENSMUSG00000004709
131,5.308346848705979e-5,1.1346084867463162e-4,-0.45861638859884135,-0.45861638859884135,ENSMUSG00000029090
132,5.520664028088379e-5,1.1623986710619001e-4,0.6394442788665797,0.6394442788665797,ENSMUSG00000029767
133,5.521393687544027e-5,1.1623986710619001e-4,-0.34882365452894687,-0.34882365452894687,ENSMUSG00000023972
134,6.122564151900179e-5,1.2793417630836183e-4,-0.6426115156054615,-0.6426115156054615,ENSMUSG00000038213
135,8.993990762683124e-5,1.8654203063342783e-4,-0.17011618575715737,-0.17011618575715737,ENSMUSG00000022883
136,9.996690717782807e-5,2.058142206602343e-4,-0.17123595665359115,-0.17123595665359115,ENSMUSG00000022015
137,1.0319313316905082e-4,2.0956159400328036e-4,0.629025471584165,0.629025471584165,ENSMUSG00000031703
138,1.032839284730453e-4,2.0956159400328036e-4,0.6296114962868296,0.6296114962868296,ENSMUSG00000030830
139,1.0794541869031167e-4,2.1744400887257025e-4,-0.4490023446970195,-0.4490023446970195,ENSMUSG00000027087
140,1.1924312400055566e-4,2.3848624800111134e-4,-0.24099499135239327,-0.24099499135239327,ENSMUSG00000029070
141,1.4292299788505583e-4,2.8381871920436606e-4,-0.6309540073736084,-0.6309540073736084,ENSMUSG00000038147
142,2.0768677618530028e-4,4.0952322064707116e-4,-0.6037724151781938,-0.6037724151781938,ENSMUSG00000035000
143,3.9997852919932986e-4,7.831747424881984e-4,0.5485269067452236,0.5485269067452236,ENSMUSG00000030754
144,4.485578351310527e-4,8.721957905326029e-4,-0.2899197915027064,-0.2899197915027064,ENSMUSG00000002602
145,4.954552332125979e-4,9.567411399967406e-4,-0.14171342770114703,-0.14171342770114703,ENSMUSG00000001507
146,5.039333968582355e-4,9.664476104130541e-4,-0.32752874352095274,-0.32752874352095274,ENSMUSG00000004317
147,5.557275623037178e-4,0.0010585286901023195,-0.23045680343629685,-0.23045680343629685,ENSMUSG00000038668
148,6.180922574800712e-4,0.0011693637303677024,0.4100772188443689,0.4100772188443689,ENSMUSG00000024621
149,6.506729641578107e-4,0.0012227411406992412,-0.3221693766803446,-0.3221693766803446,ENSMUSG00000024887
150,8.31139693365326e-4,0.0015514607609486083,-0.1817773548835407,-0.1817773548835407,ENSMUSG00000029093
151,9.161707032869476e-4,0.001698859582253942,-0.18076541582506941,-0.18076541582506941,ENSMUSG00000045394
152,0.0010065221126862188,0.0018541196812640866,-0.13564081607216844,-0.13564081607216844,ENSMUSG00000022687
153,0.0010280853465642558,0.0018814633793332784,-0.19022957246899294,-0.19022957246899294,ENSMUSG00000053062
154,0.0014839484513426407,0.0026980880933502563,-0.14305778303150268,-0.14305778303150268,ENSMUSG00000032340
155,0.00151999777011373,0.002745802423431253,-0.19028411833811934,-0.19028411833811934,ENSMUSG00000003379
156,0.0015507937927013054,0.0027834760381818314,-0.1909680656002593,-0.1909680656002593,ENSMUSG00000039646
157,0.0018618965932510687,0.0033205799115305686,-0.12933483480941332,-0.12933483480941332,ENSMUSG00000039497
158,0.0019167870240751057,0.0033968377641837304,-0.2494276508757157,-0.2494276508757157,ENSMUSG00000028476
159,0.002266663869976109,0.003991609330775536,-0.13819547915705532,-0.13819547915705532,ENSMUSG00000025089
160,0.0024962929524598434,0.004368512666804726,-0.399981450505659,-0.399981450505659,ENSMUSG00000032193
161,0.003319434706488297,0.005772929924327471,-0.1270435348018633,-0.1270435348018633,ENSMUSG00000020695
162,0.003348139205900506,0.005786907269457665,-0.32007797383496583,-0.32007797383496583,ENSMUSG00000049488
163,0.004120051785646233,0.007077389570435244,-0.40682233289453834,-0.40682233289453834,ENSMUSG00000024413
164,0.004668632804949824,0.007970836496255799,0.3616996346841817,0.3616996346841817,ENSMUSG00000024620
165,0.0049410521793313055,0.008384815819471307,-0.18659035583479533,-0.18659035583479533,ENSMUSG00000023274
166,0.004982243339087667,0.008403783945449076,-0.15120729884874418,-0.15120729884874418,ENSMUSG00000020399
167,0.0055822225905628265,0.009359415121901747,-0.08171991011822011,-0.08171991011822011,ENSMUSG00000033777
168,0.005776845814534268,0.009628076357557112,-0.2854414812775701,-0.2854414812775701,ENSMUSG00000027995
169,0.006602611943911674,0.01093923872364064,-0.14147683058009985,-0.14147683058009985,ENSMUSG00000022103
170,0.006983112193000213,0.011501596553176823,0.3892296582240302,0.3892296582240302,ENSMUSG00000000290
171,0.00795246454244239,0.013021579367741929,0.2703093925927553,0.2703093925927553,ENSMUSG00000034220
172,0.008436560769622,0.013733936136593954,0.2648831003165889,0.2648831003165889,ENSMUSG00000015316
173,0.008985218920990282,0.014542550854781962,-0.33077772500817715,-0.33077772500817715,ENSMUSG00000021756
174,0.011886648542539001,0.019127940183396096,-0.09362673039747664,-0.09362673039747664,ENSMUSG00000030077
175,0.01488716130457442,0.023819458087319074,-0.05945735725213598,-0.05945735725213598,ENSMUSG00000028347
176,0.01631811265111041,0.025960633763130198,-0.3946152561728464,-0.3946152561728464,ENSMUSG00000025790
177,0.018207054057767236,0.028802119413417097,0.10039015013177824,0.10039015013177824,ENSMUSG00000031647
178,0.0186807808447047,0.029385497957962452,-0.09407783701793616,-0.09407783701793616,ENSMUSG00000030724
179,0.01967723734140083,0.03078003606476107,0.17200584900078184,0.17200584900078184,ENSMUSG00000074743
180,0.02153598432312021,0.03350042005818699,-0.3177878518690722,-0.3177878518690722,ENSMUSG00000026814
181,0.025657985848106166,0.03969191180922502,0.34421604394469885,0.34421604394469885,ENSMUSG00000015189
182,0.03174228581151008,0.04883428586386166,0.16947249400084852,0.16947249400084852,ENSMUSG00000009376
183,0.033793771723227464,0.051706317390730554,-0.3415423522874472,-0.3415423522874472,ENSMUSG00000001281
184,0.034968058057129624,0.05321226226084944,-0.3473710194307426,-0.3473710194307426,ENSMUSG00000031934
185,0.036135087050388426,0.054690942562750054,-0.05369034164915994,-0.05369034164915994,ENSMUSG00000026770
186,0.04134251490004243,0.06223604393554775,-0.2783855300178002,-0.2783855300178002,ENSMUSG00000038963
187,0.042801037803416014,0.06408711542757477,0.28977747171600843,0.28977747171600843,ENSMUSG00000002103
188,0.04644776050390996,0.06917751564412122,0.3588880747341516,0.3588880747341516,ENSMUSG00000026581
189,0.048086462684871704,0.0712392039775877,-0.0910439044617856,-0.0910439044617856,ENSMUSG00000044393
190,0.050986366587266047,0.07513780339176049,0.2742802810646685,0.2742802810646685,ENSMUSG00000001143
191,0.053009789969295555,0.07771068686598302,-0.30194398783817755,-0.30194398783817755,ENSMUSG00000032440
192,0.05742957336015127,0.08375146115022057,0.2983428833335573,0.2983428833335573,ENSMUSG00000025986
193,0.06500344972596883,0.09430552291850401,0.16661787543650186,0.16661787543650186,ENSMUSG00000067586
194,0.0688136503575277,0.09928249743372693,-0.12434559855394152,-0.12434559855394152,ENSMUSG00000022037
195,0.06914316785563125,0.09928249743372693,-0.0962853709302249,-0.0962853709302249,ENSMUSG00000056004
196,0.06950618250848278,0.0992945464406897,-0.22097379038826934,-0.22097379038826934,ENSMUSG00000047139
197,0.07041920382988115,0.10005617516033874,-0.07105569778973286,-0.07105569778973286,ENSMUSG00000025969
198,0.0707540095776681,0.10005617516033874,0.21325087714518956,0.21325087714518956,ENSMUSG00000022514
199,0.07140454389617604,0.1004687049795442,0.2555388408910968,0.2555388408910968,ENSMUSG00000001986
200,0.07481662624225131,0.10474327673915183,-0.061785211747115584,-0.061785211747115584,ENSMUSG00000025020
201,0.07647085513770893,0.10652656437093783,0.27787414210328354,0.27787414210328354,ENSMUSG00000027111
202,0.08605445000370908,0.11928339604474524,0.24432231342851018,0.24432231342851018,ENSMUSG00000002897
203,0.08892048196031754,0.12264894063492074,-0.25472880220374705,-0.25472880220374705,ENSMUSG00000020101
204,0.09155580798794631,0.12519581818945746,-0.24586419076857835,-0.24586419076857835,ENSMUSG00000064210
205,0.09166122403156704,0.12519581818945746,0.06751899929679751,0.06751899929679751,ENSMUSG00000005339
206,0.10244242393651942,0.13924212962245358,-0.05435244079161927,-0.05435244079161927,ENSMUSG00000002033
207,0.1074676322073909,0.14536684549792006,0.21540542022176457,0.21540542022176457,ENSMUSG00000016534
208,0.10922007231136308,0.14702702041914262,-0.27368940965370303,-0.27368940965370303,ENSMUSG00000032231
209,0.10999468647336459,0.1473613024523545,-0.2500949907638512,-0.2500949907638512,ENSMUSG00000040528
210,0.11103530561111583,0.1480470741481544,-0.18188315772986785,-0.18188315772986785,ENSMUSG00000030786
211,0.11288406433416023,0.1497987583581273,-0.1051849527106588,-0.1051849527106588,ENSMUSG00000004105
212,0.117002812644277,0.1545320166999885,-0.1159174289377668,-0.1159174289377668,ENSMUSG00000063354
213,0.11809717278683635,0.15524510976673325,-0.03686921777219798,-0.03686921777219798,ENSMUSG00000023132
214,0.11975899425613697,0.15669401117625395,0.24395405966219963,0.24395405966219963,ENSMUSG00000018507
215,0.12620479347366428,0.16435973103546977,-0.21840830624081778,-0.21840830624081778,ENSMUSG00000029156
216,0.13329372592851046,0.17278816324066174,-0.060917610721347326,-0.060917610721347326,ENSMUSG00000028965
217,0.14064689980316805,0.1814798707137652,-0.05008566471344794,-0.05008566471344794,ENSMUSG00000030577
218,0.144462021119952,0.18554755006232368,-0.05574800690682337,-0.05574800690682337,ENSMUSG00000062593
219,0.15392050184460926,0.19679333569173788,0.11769895832615712,0.11769895832615712,ENSMUSG00000030084
220,0.16975228285765331,0.21604836000064964,-0.047609284643472714,-0.047609284643472714,ENSMUSG00000005540
221,0.17744888236772335,0.22482211340707034,0.23554446694176967,0.23554446694176967,ENSMUSG00000029163
222,0.19065934012545807,0.24047123979787505,0.01859154641780918,0.01859154641780918,ENSMUSG00000022225
223,0.20559402476051758,0.2581449638248651,-0.08346267551220743,-0.08346267551220743,ENSMUSG00000019796
224,0.2201572251227902,0.2751965314034877,-0.16994090325762667,-0.16994090325762667,ENSMUSG00000023960
225,0.22979712488222923,0.2859697554089964,-0.022495346395446723,-0.022495346395446723,ENSMUSG00000027863
226,0.23576891283470205,0.2921030778483034,0.1463383724748324,0.1463383724748324,ENSMUSG00000043557
227,0.24149645728114427,0.2978810926815877,0.1512898203954427,0.1512898203954427,ENSMUSG00000018900
228,0.27007483949558947,0.33167085552089937,-0.0668880787772892,-0.0668880787772892,ENSMUSG00000054252
229,0.2822528107340023,0.3451126070110072,-0.06718287766678233,-0.06718287766678233,ENSMUSG00000015314
230,0.2864432390502066,0.34871350840894716,-0.03747592318794388,-0.03747592318794388,ENSMUSG00000086564
231,0.29955651905302455,0.3630988109733631,0.027246018171175015,0.027246018171175015,ENSMUSG00000029082
232,0.3047864259754284,0.36784568652206867,-0.12587036337001045,-0.12587036337001045,ENSMUSG00000033880
233,0.30884207817009435,0.37064060390673237,0.05549506804485205,0.05549506804485205,ENSMUSG00000000303
234,0.3097496475506264,0.37064060390673237,-0.022196591211027024,-0.022196591211027024,ENSMUSG00000027376
235,0.321126334044371,0.38261861077627185,0.151908284477821,0.151908284477821,ENSMUSG00000007613
236,0.3280807180859709,0.38924830959352474,0.07830978377720033,0.07830978377720033,ENSMUSG00000020689
237,0.356647337351326,0.42135550404376065,-0.14355561508971082,-0.14355561508971082,ENSMUSG00000022967
238,0.3687738062212637,0.4338515367308985,-0.04456022274557658,-0.04456022274557658,ENSMUSG00000026012
239,0.40458496866634175,0.47399075827019116,-0.09937601747315616,-0.09937601747315616,ENSMUSG00000037344
240,0.41073175411049956,0.4791870464622495,-0.03194991213145093,-0.03194991213145093,ENSMUSG00000030683
241,0.42106781761358025,0.488741546941069,-0.11158306900098958,-0.11158306900098958,ENSMUSG00000055541
242,0.42241233699906683,0.488741546941069,-0.015307708803057861,-0.015307708803057861,ENSMUSG00000012428
243,0.4297362676403172,0.49404682353289864,0.12180009273187808,0.12180009273187808,ENSMUSG00000068747
244,0.4305265176500974,0.49404682353289864,0.07031276376867635,0.07031276376867635,ENSMUSG00000021624
245,0.46793196624763644,0.5347793899972988,-0.010463732935912072,-0.010463732935912072,ENSMUSG00000041046
246,0.47497506100583486,0.5406220206570478,-0.08453540169254792,-0.08453540169254792,ENSMUSG00000045092
247,0.49425618509618297,0.5602904122547823,0.028153021979874376,0.028153021979874376,ENSMUSG00000044827
248,0.5003215122935402,0.5648791267830293,-0.04144958106348556,-0.04144958106348556,ENSMUSG00000026073
249,0.5482341229486021,0.6164881703839702,0.09870463474071567,0.09870463474071567,ENSMUSG00000009291
250,0.5511959696977552,0.6173394860614858,0.06911082631445176,0.06911082631445176,ENSMUSG00000074272
251,0.5567717079583093,0.6210999132602653,0.08109536293011921,0.08109536293011921,ENSMUSG00000032913
252,0.5594597804047696,0.6216219782275219,-0.09756913847887816,-0.09756913847887816,ENSMUSG00000020717
253,0.5651240307500409,0.6254337099209939,0.08238520482804734,0.08238520482804734,ENSMUSG00000030054
254,0.5768757237305897,0.6359259946636422,0.04283707708633572,0.04283707708633572,ENSMUSG00000057191
255,0.5795283193152806,0.6363448212089355,-0.019530800412759675,-0.019530800412759675,ENSMUSG00000040118
256,0.5889263552535304,0.6441382010585489,-0.02585275914173979,-0.02585275914173979,ENSMUSG00000014158
257,0.6025273315809581,0.6564500110609659,-0.037215285000160914,-0.037215285000160914,ENSMUSG00000051498
258,0.6296537367649931,0.6833451406751864,-0.012380052660055067,-0.012380052660055067,ENSMUSG00000024673
259,0.6427994824550649,0.694918359410881,0.05566619531996064,0.05566619531996064,ENSMUSG00000043895
260,0.6973557344293162,0.7504426374810573,-0.016752284581714405,-0.016752284581714405,ENSMUSG00000048534
261,0.6995197442234141,0.7504426374810573,-0.04570053037987831,-0.04570053037987831,ENSMUSG00000049313
262,0.7107547133082084,0.7595851897950319,-0.010178025033065058,-0.010178025033065058,ENSMUSG00000044156
263,0.7201365942303165,0.7666853474695385,0.04681263381558387,0.04681263381558387,ENSMUSG00000014353
264,0.7274256337094688,0.7715120357524667,0.03650194735663148,0.03650194735663148,ENSMUSG00000018341
265,0.7605293990674916,0.8032985742061757,-0.009878106068458264,-0.009878106068458264,ENSMUSG00000004730
266,0.7631336454958669,0.8032985742061757,0.04142725075369924,0.04142725075369924,ENSMUSG00000021939
267,0.770008433056854,0.8074994803592476,-0.010692429143590323,-0.010692429143590323,ENSMUSG00000026285
268,0.7887241282343269,0.8240401339761624,-0.013866832862162337,-0.013866832862162337,ENSMUSG00000031342
269,0.825227198886777,0.8589725490271285,0.003894993194215761,0.003894993194215761,ENSMUSG00000030772
270,0.830342590438719,0.8610960197142271,-0.03273496393592534,-0.03273496393592534,ENSMUSG00000023088
271,0.8364928216290559,0.864273026037401,0.011831912532907272,0.011831912532907272,ENSMUSG00000027962
272,0.8430184073783544,0.8678130664188941,0.02236548039809416,0.02236548039809416,ENSMUSG00000006386
273,0.8506013189404777,0.8724116091697207,0.016657109033973327,0.016657109033973327,ENSMUSG00000005672
274,0.8686803511178207,0.887702548587554,-0.025790675984981526,-0.025790675984981526,ENSMUSG00000027130
275,0.877765712462554,0.8937250890527821,-0.003222279424844724,-0.003222279424844724,ENSMUSG00000020701
276,0.8840288273828731,0.8968408393739293,0.008088558533866419,0.008088558533866419,ENSMUSG00000055912
277,0.9076143857695673,0.9174441444602124,0.018023620046375477,0.018023620046375477,ENSMUSG00000034164
278,0.9268072373836964,0.9334749153504855,0.0012113403280090557,0.0012113403280090557,ENSMUSG00000019359
279,0.9533307369758579,0.9567476930223663,-0.005780668635808839,-0.005780668635808839,ENSMUSG00000050947
280,0.9629080494800579,0.9629080494800579,-0.007641867966360128,-0.007641867966360128,ENSMUSG00000024270
