S14_C_5,S14_C_6,S14_C_A,S14_F_5,S14_F_6,S14_F_A,xenbase_gene_id,baseMean,log2FoldChange,lfcSE,stat,pvalue,padj,xenbase_gene_symbol,xenbase_gene_name,xenbase_gene_synomyms,db_xrefs,log2_S14_C_5,log2_S14_C_6,log2_S14_C_A,log2_S14_F_5,log2_S14_F_6,log2_S14_F_A
118.47160411795656,103.43890078477432,60.73485033294537,172.27831860037645,284.5261242570051,308.09014372184674,XB-GENE-1005938,174.5899903024841,1.443897442284311,0.3131540754286399,4.610821175831511,4.010814498319113e-6,6.084284054116813e-4,cdc42bpb.L,CDC42 binding protein kinase beta L homeolog,LOC108699771,NCBI_Gene:399223|UniprotKB:Q5I016|UniprotKB:Q8AVM0|UniprotKB:A0A1L8FA02|UniprotKB:A0A8J0T8I7|UniprotKB:A0A8J0QFJ1|UniprotKB:A0A974C8B7,6.888409675289714,6.692648986263461,5.924476437232186,7.428605712327118,8.152422382432283,8.26721340155085
61.953040685536926,34.47963359492478,80.97980044392716,261.8908310981529,338.5860878658361,1001.292967096002,XB-GENE-1010304,296.5303934640633,3.0106741879794807,0.2827784046198795,10.646761346668368,1.8053714651625883e-26,1.8075379109207838e-22,alpl.L,"alkaline phosphatase, liver/bone/kidney L homeolog",NA,NCBI_Gene:380589|UniprotKB:Q7ZYJ4,5.953126473893764,5.107714379635067,6.3395079980990285,8.03282724977639,8.4033831463895,9.967649877826615
10.868954506234548,1.379185343796991,2.3359557820363603,127.81939767124705,93.89362100481168,233.60681227260903,XB-GENE-1011603,78.31732109678929,5.287213293370937,0.957397903337978,5.522482632285919,3.3424284720368176e-8,9.044430773522329e-6,pnp.L,purine nucleoside phosphorylase L homeolog,nucleoside phosphorylase|punp,NCBI_Gene:379499|UniprotKB:A0A1L8HZH9|UniprotKB:Q7SYP6,3.4422739971875287,0.46486201817872763,1.2246304368848044,6.997974270746553,6.552970606632633,7.867944711160858
67.3875179386542,39.99637497011274,47.49776756807266,264.6695136562235,193.47776449476348,288.622909365796,XB-GENE-1018109,150.27530799893708,2.2842428338410183,0.2785993954264061,8.199022938814727,2.423486838937776e-16,4.852790046289003e-13,hes6.1.L,"hairy and enhancer of split 6, gene 1 L homeolog",XHes6|Xhes-6,NCBI_Gene:100037036|UniprotKB:A0A1L8GB50,6.074430892168169,5.321833413840558,5.569818175773128,8.048053666166465,7.596031420023997,8.173047006217493
4.347581802493819,4.137556031390973,0.7786519273454534,43.06957965009411,18.494198076705334,55.016097093186914,XB-GENE-1018521,20.973944096869435,3.715286975244055,0.8371753237899855,4.437884000718678,9.084755306594102e-6,0.00119679697538973,fgf3.S,fibroblast growth factor 3 S homeolog,INT-2|fgf-3|int-2|xfgf3,NA,2.1205449733505777,2.049127490011756,-0.3590979129255832,5.428630834596434,4.209078846160316,5.781808114589669
14.129640858104914,0,0.7786519273454534,93.08586569536467,119.50097218794215,154.04507186092337,XB-GENE-1033836,63.59003375494677,6.370664642334762,1.622318753623991,3.926888367716735,8.605189523510425e-5,0.00749175282690316,vegt.S,vegt protein S homeolog,antipodean|brat|tVegT|vegt-a|vegt-b|xombi,NCBI_Gene:397990|UniprotKB:O13161|UniprotKB:A0A8J0TRR6|UniprotKB:A0A8J0TQV3|UniprotKB:A0A974DWQ7,3.820754991687594,-9.965784284662087,-0.3590979129255832,6.540505716668081,6.9008906175396225,7.2672180842323515
36.95444532119746,17.929409469360884,7.007867346109081,213.2638863319176,103.85203535380688,267.46287202226256,XB-GENE-1217466,107.74508597410907,3.367131977243975,0.8005722760255058,4.205906297380575,2.6003796463389468e-5,0.00282989141512451,znf703.S,zinc finger protein 703 S homeolog,znf703-a|znf703-b,NCBI_Gene:403392|UniprotKB:Q2VPM4,5.207715053550527,4.164336529701071,2.8091813192458854,7.736502637942755,6.698399572793003,8.063200220823628
4.347581802493819,2.758370687593982,3.8932596367272674,95.86454825343527,15.648936834135284,54.16969559944558,XB-GENE-1217680,29.447065468971868,3.7753526033824,0.7089355027910226,5.325382335232384,1.0074091224290457e-7,2.3760120728145007e-05,fbn3.L,fibrillin 3 L homeolog,NA,NCBI_Gene:734223|UniprotKB:A0A1L8HW58|UniprotKB:A0A8J0UX98|UniprotKB:A0A974I3S6,2.1205449733505777,1.4643392780868973,1.9613490741279977,6.582940533760182,3.96808492908911,5.759440711290336
0,0,0.7786519273454534,3.4733531975882346,8.535783727710154,60.09450605563494,XB-GENE-1219119,12.147049151379797,5.3753583844576385,1.269501324124214,4.234228261373351,2.29337910389206e-5,0.00257992265035587,cyp26c1.S,cytochrome P450 family 26 subfamily C member 1 S homeolog,xcyp26c,NCBI_Gene:735026|UniprotKB:Q2T9K4|UniprotKB:A0A1L8FED5,-9.965784284662087,-9.965784284662087,-0.3590979129255832,1.7967444237396553,3.0936926302600027,5.909185205064129
31235.201460016844,31787.46380383305,33045.98779654104,21417.390486968572,25862.00206434048,21864.243386326223,XB-GENE-1219328,27535.381499671035,-0.4794610082428597,0.1190963354292613,-4.025825030759584,5.677589569747874e-5,0.00536264403512412,krt12.5.S,"keratin 12, gene 5 S homeolog",krt12|krt12.1|larval keratin|xk81b2,NCBI_Gene:398464|UniprotKB:Q4QR57|UniprotKB:P05781|UniprotKB:A0A974BSJ7,14.93088526072919,14.956170339064482,15.012187544034587,14.386495158518173,14.658546398668106,14.416285870253652
17.390327209975275,0,4.671911564072721,124.3460444736588,96.73888224738174,94.79696729902976,XB-GENE-17332184,56.32402213235305,4.594748072270906,1.1790966613513685,3.8968374882894183,9.745696709630864e-5,0.00813115962140201,cyp26a1.S,cytochrome P450 family 26 subfamily A member 1 S homeolog,RACE|XCYP26A1|cyp26|retinoic acid converting enzyme|xCYP26,NCBI_Gene:398094|UniprotKB:Q6GNJ2|UniprotKB:O93323,4.120296130245248,-9.965784284662087,2.2243217341252435,6.958228407230079,6.596038876611371,6.566784219421763
4.347581802493819,1.379185343796991,4.671911564072721,54.87898052189411,32.72050428955559,23.69924182475744,XB-GENE-17334173,20.28290089109511,3.338248454811117,0.7737795797412976,4.314211103796786,1.6017383734265036e-5,0.00197982772774643,flrt3.S,fibronectin leucine rich transmembrane protein 3 S homeolog,xflrt3,NCBI_Gene:394225|UniprotKB:Q70AK3,2.1205449733505777,0.46486201817872763,2.2243217341252435,5.778208064354142,5.032167168998187,4.56682987458467
394.5430485763141,227.56558172650352,509.23836048392656,894.0411130592116,576.1654016204354,1333.9287541363474,XB-GENE-17334846,655.9137099337897,1.302853365959067,0.1600228864419545,8.141668950782577,3.8986602659933003e-16,6.50556443052082e-13,lin28a.L,lin-28 homolog A L homeolog,csdd1|lin-28|lin28|zcchc1,NCBI_Gene:108708102|UniprotKB:A0A1L8HEI8|UniprotKB:A0A8J0UH81|UniprotKB:A0A8J0UEJ6,8.624042567618156,7.83014490243995,8.992200123115275,9.804198979651687,9.170341723877423,10.381466979649726
2.1737909012469094,1.379185343796991,0,83.36047674211764,32.72050428955559,60.09450605563494,XB-GENE-17335217,29.954743888725343,5.853783928677705,0.9901827495962574,5.911821763270022,3.383445478156746e-9,1.2546317084187166e-6,tbxt.2.L,"T, brachyury homolog, gene 2 L homeolog",t2|xbra3,NA,1.1208766974047026,0.46486201817872763,-9.965784284662087,6.381308929961305,5.032167168998187,5.909185205064129
461.9305665149683,492.3691677355258,507.6810566292357,757.8856677137528,647.2969326846867,958.1264909151936,XB-GENE-17336580,637.5483136988938,0.6807323047325191,0.1687217290680606,4.034645143174883,5.468487875817308e-5,0.00531558258375562,pygm.S,"phosphorylase, glycogen, muscle S homeolog",NA,NCBI_Gene:432134|UniprotKB:Q6INV9,8.851535327212009,8.943599542653489,8.987781460538574,9.565838317654343,9.33828608603152,9.904073827232455
42.38892257431474,37.23800428251876,34.26068480319995,0,0,0,XB-GENE-17337214,18.981268610005575,-7.771488128590534,1.3502075460982998,-5.755772992861605,8.624622070345995e-9,2.8783238722768034e-6,col18a1.S,collagen type XVIII alpha 1 S homeolog,kno|kno1,NCBI_Gene:398292|UniprotKB:Q8QHL9|UniprotKB:A0A8J0U0F4|UniprotKB:A0A8J0TXH0|UniprotKB:A0A8J0TYU5|UniprotKB:A0A8J0TXM6,5.405649426183551,5.218742592706804,5.098524191944336,-9.965784284662087,-9.965784284662087,-9.965784284662087
603.2269750960174,605.4623659268791,765.4148445805807,407.07699475734114,307.28821419756554,538.3113500194904,XB-GENE-17338313,537.7967907629791,-0.6759077066455368,0.1745027308981328,-3.873335982576127,1.0735566541127646e-4,0.00873857660242032,psmd2.L,"proteasome 26S subunit ubiquitin receptor, non-ATPase 2 L homeolog",NA,NCBI_Gene:398371|UniprotKB:Q6NTP6,9.23655952586875,9.24189586085121,9.58009995576837,8.669161426205964,8.263453319228319,9.07229971397563
6.521372703740729,2.758370687593982,0.7786519273454534,32.649520057329404,35.56576553212564,54.16969559944558,XB-GENE-17342281,22.073896084596797,3.772964317972001,0.8158342655965973,4.624670079544814,3.7519511408268338e-06,5.779159203378193e-4,hoxb9.S,homeobox B9 S homeolog,XlHbox-6|XlHbox6|hox 2.5|xhoxb9,NCBI_Gene:100381079|UniprotKB:Q3KQ20|UniprotKB:P31272,2.7053968824349703,1.4643392780868973,-0.3590979129255832,5.029034066081881,5.152457875502011,5.759440711290336
109.77644051296892,13.79185343796991,7.786519273454535,530.7283685914823,416.83077203651254,629.7227113435548,XB-GENE-17344686,284.7727775326572,4.534359607635722,1.0083309895890664,4.496896013761957,6.895268946849118e-6,9.329112526466672e-4,nradd.L,neurotrophin receptor associated death domain L homeolog,nrdd,NCBI_Gene:398134|UniprotKB:Q9PVD4,6.778437797815309,3.785849044484585,2.961163828689817,9.05183257411681,8.703321437670771,9.298575180762157
96.73369510548748,28.962892219736812,33.4820328758545,348.0299903983411,237.5793137545993,424.8935498581512,XB-GENE-17346058,194.94691236869508,2.8168704270731126,0.3216045604536365,8.758801253004002,1.973377074895896e-18,4.939362818464428e-15,hes6.1.S,"hairy and enhancer of split 6, gene 1 S homeolog",XHes6|Xhes-6,NCBI_Gene:108718188|UniprotKB:A0A8J0VG74|UniprotKB:A0A8J0VDG6|UniprotKB:A0A8J0VHG1,6.595961517983779,4.856183582280834,5.065358307267345,8.443071966260673,7.892271487086531,8.73096102802925
6.521372703740729,56.54659909567663,24.13820974770906,54.87898052189411,172.1383051754881,314.0149541780361,XB-GENE-22061497,104.70640357042411,2.7582496003657417,0.41224271720661376,6.69083888020106,2.218948685673284e-11,1.1108057120480462e-8,apoc1.L,apolipoprotein C-I L homeolog,ApoCI,NCBI_Gene:108696721|UniprotKB:A0A1L8FN76|UniprotKB:A0A974CIW8,2.7053968824349703,5.821393866294455,4.593306541828567,5.778208064354142,7.427432740420681,8.294694049620329
867.3425695975169,234.46150844548848,844.837341169817,2147.226946749047,2146.749607519104,6167.727684893124,XB-GENE-22063252,2068.0576097290163,2.4679689097738726,0.5482880524178226,4.501226862213583,6.756234627921523e-6,9.266222067774012e-4,XB22063249.S,uncharacterized XB22063249 S homeolog,LOC108703073,NCBI_Gene:108703073|UniprotKB:A0A8J0U0S6,9.76045977257669,7.873213437871199,9.722531499566227,11.068259638498867,11.067938884711213,12.590523587922757
49.99719072867892,11.033482750375928,21.802253965672698,123.65137383414115,118.07834156665712,143.04185244228597,XB-GENE-22064041,77.93408254796863,2.3808787089014483,0.41869373079700256,5.6864446104061255,1.2971142987158845e-8,3.9353661693161915e-6,hes5.8.L,"hairy and enhancer of split 5, gene 8 L homeolog",LOC100495414|LOC108696616|LOC108697696|hes5_x2,NCBI_Gene:108696616|UniprotKB:A0A1L8FMJ3,5.643803984294929,3.4639470986818353,4.4464715569452755,6.9501461261129265,6.883612771560341,7.16030360072703
1561.8687625459045,1639.8513737746223,1158.6340678900349,1103.831646193541,866.3820483625806,718.5948681863953,XB-GENE-482081,1174.8604611588464,-0.7008581653496228,0.14673291368343305,-4.776420966203123,1.7844263932180546e-6,2.977612841483194e-4,szl.L,sizzled L homeolog,frzb3|secreted frizzled|sizzled|xszl,NCBI_Gene:398164|UniprotKB:Q9IAU5|UniprotKB:A0A974DC09,10.609058443159439,10.679350228036165,10.178210520851605,10.108305744089478,9.758861205248099,9.489036829868303
1531.4356899284478,921.29580965639,1067.5317923906166,2423.0111906375528,2008.754437254456,2567.982132011217,XB-GENE-482137,1753.3351753131133,1.0165195636301774,0.15171091789929686,6.700371850000446,2.0788984301420103e-11,1.0954700569779898e-8,ptgs2.S,prostaglandin-endoperoxide synthase 2S homeolog,cox-2|cox2|gripghs|pgg/hs|pghs-2|phs-2,NCBI_Gene:446781|UniprotKB:Q6DD20,10.580670011367685,9.847522206933325,10.060064671784378,11.242585947944166,10.97208621362253,11.326420010703421
9.782059055611091,4.137556031390973,7.786519273454535,43.06957965009411,24.184720561845435,72.790528461755,XB-GENE-482658,26.95849383902519,2.658281775931304,0.6277316573719401,4.234742257639929,2.2881399379453455e-5,0.00257992265035587,zic2.L,Zic family member 2 L homeolog,Zinc finger protein of the cerebellum 2|hpe5|xzic2|zic2-a|zic2-b,NCBI_Gene:397704|UniprotKB:Q91689,3.2902856506882565,2.049127490011756,2.961163828689817,5.428630834596434,4.596083615326309,6.185698653039611
4.347581802493819,0,0,84.74981802115293,35.56576553212564,138.8098449735793,XB-GENE-482735,43.91216838822528,6.84284413968948,1.7642941467338715,3.878516602436852,1.0509535532854412e-4,0.00862471063565068,hoxd1.S,homeobox D1 S homeolog,MGC131028|Xhox.lab|Xlab-1|xhox.lab1|xhoxd1|xlab,NCBI_Gene:399267|UniprotKB:Q08820,2.1205449733505777,-9.965784284662087,-9.965784284662087,6.4051553882025996,5.152457875502011,7.1169764765554
159.77363124164785,0,0.7786519273454534,1006.5777566610705,704.2021575360877,1259.4454226871096,XB-GENE-482791,521.7962700088768,9.306565269386684,2.135926218497928,4.357156716738768,1.317629262759372e-5,0.00164901302234335,cdx4.L,caudal type homeobox 4 L homeolog,MGC130769|MGC68909|Xcad-3|Xcad3|Xtcad3|cad3,NCBI_Gene:380412|UniprotKB:A0A1L8F7A0|UniprotKB:Q91542,7.319894547431667,-9.965784284662087,-0.3590979129255832,9.97524434057683,9.459847885807696,10.298574035263275
96.73369510548748,96.54297406578937,60.73485033294537,305.65508138776465,237.5793137545993,324.17177210293215,XB-GENE-484819,186.9029477915864,1.7981540908956748,0.27034302858585413,6.651379546577161,2.9035843190581478e-11,1.3213948273822808e-8,sox3.S,SRY-box 3 S homeolog,Sry|Xlsox3|Xtsox3|xSox3,NCBI_Gene:399335|UniprotKB:P55863|UniprotKB:A0A974C4A5,6.595961517983779,6.593114308939433,5.924476437232186,8.255765461280195,7.892271487086531,8.340619110976588
28.259281716209827,17.929409469360884,10.901126982836349,109.7579610437882,123.76886405179724,158.27707932963006,XB-GENE-485647,74.81562043227042,2.8397927026886873,0.42692292408151633,6.651769072364124,2.8959083132415518e-11,1.3213948273822808e-8,mmp14.L,matrix metallopeptidase 14 L homeolog,MGC69200|MMP-14|MT-MMP-1|MT1-MMP,NCBI_Gene:407753|UniprotKB:Q5USC3|UniprotKB:A0A974E285,4.820703942319763,4.164336529701071,3.4465377242228654,6.778194920202128,6.951516274314268,7.306317653510901
2.1737909012469094,0,0,25.00814302263529,11.381044970280206,35.54886273713616,XB-GENE-486919,12.351973605216427,5.197045365639406,1.2512049912622003,4.153632220086247,3.272389832186147e-5,0.0034487544210366,hoxc10.L,homeobox C10 L homeolog,LOC108709895|MGC80182|XHoxc10,NCBI_Gene:399206|UniprotKB:Q6AZT8,1.1208766974047026,-9.965784284662087,-9.965784284662087,4.644383717053313,3.508687879547163,5.151772084300681
11.955849956858003,2.758370687593982,3.8932596367272674,61.82568691707058,49.7920717449759,69.40492248678964,XB-GENE-490905,33.27169357166923,3.427692803846025,0.6280961211314153,5.4572742746310565,4.8349920799876863e-8,1.210198517620918e-5,flrt3.L,fibronectin leucine rich transmembrane protein 3 L homeolog,xflrt3,NCBI_Gene:503672|UniprotKB:Q6DDY0,3.5797654551424323,1.4643392780868973,1.9613490741279977,5.950157793411843,5.637873113194476,6.116986869762391
23.911699913716006,16.550224125563894,15.57303854690907,70.8564052308,98.16151286866678,46.55208215577355,XB-GENE-492604,45.26749380690488,1.8825004321681744,0.4620811964208737,4.073960262285921,4.622037137740491e-5,0.00462758358230578,adamts1.L,ADAM metallopeptidase with thrombospondin type 1 motif 1 L homeolog,xadamts1,NCBI_Gene:495679|UniprotKB:Q5U261,4.579705124653568,4.048866017331991,3.9610711970502317,6.14684673040853,6.617100276006776,5.540804782835714
277.15833990898096,249.63254722725537,127.69891608465436,532.1177098705176,327.2050428955559,297.08692430320934,XB-GENE-5725205,301.81658004836225,0.8540657489450681,0.218291609421445,3.912499207865406,9.134583793463168e-5,0.0077504621135723,olfm4.L,olfactomedin 4 L homeolog,tiarin,NCBI_Gene:398296|UniprotKB:Q8QHK6,8.114571815163739,7.963668014865186,6.996613766778613,9.055604320908564,8.354055582232098,8.214746155089633
523.8836072005053,104.81808612857132,113.6831813924362,1651.9267807729643,1525.0600260175474,1593.774012714938,XB-GENE-5750775,918.8576157044938,3.133693292224846,0.6680664031005559,4.690691340982117,2.722834626067876e-6,4.327146075585964e-4,xmc.L,marginal coil Xmc L homeolog,NA,NCBI_Gene:398255|UniprotKB:Q90YY8,9.033105263078244,6.711757625695612,6.828887713887398,10.689934900839438,10.574651258597505,10.638232268476177
13.042745407481458,2.758370687593982,8.565171200799988,61.82568691707058,27.02998180441549,138.8098449735793,XB-GENE-5761829,42.0053001651568,3.171602951079835,0.5738987816836291,5.526415201257967,3.2684012129982666e-8,9.044430773522329e-6,fbln1.L,fibulin 1 L homeolog,NA,NCBI_Gene:734480|UniprotKB:Q505M8,3.7052862823200132,1.4643392780868973,3.0986505107658435,5.950157793411843,4.756542008485363,7.1169764765554
270.63696720524024,202.7402455381577,802.7901370931626,474.4600467905529,574.7427709991504,1392.3304572044997,XB-GENE-5792896,619.6167708051272,1.0178856685141795,0.18524268770382885,5.49487637612775,3.909842083383564e-8,1.0301404983904271e-5,phyhdlb.L,probable alpha-ketoglutarate-dependent hypophosphite dioxygenase-like gene B L homeolog,LOC100490918,NCBI_Gene:734609|UniprotKB:Q4V7J5,8.080220435801657,7.663495809315341,9.648880879043361,8.890145836749367,9.166775115055138,10.443286983450552
22.82480446309255,17.929409469360884,25.695513602399963,56.26832180092941,65.44100857911118,131.19223152990725,XB-GENE-5799848,53.22521490746687,1.8572330165623945,0.4342086115529073,4.2772827787089955,1.8918841715086188e-5,0.00220250515408654,hyal2.S,hyaluronidase 2 S homeolog,hyal2-a|hyal2-b|luca-2|luca2|xhyal2,NCBI_Gene:380470|UniprotKB:Q801T1|UniprotKB:A0A8J0V486|UniprotKB:A0A8J0V8L9|UniprotKB:A0A8J0UZG7,4.512593801732662,4.164336529701071,4.6835007286362975,5.814276669970548,6.032145123769906,7.035549480690136
96.73369510548748,48.27148703289468,101.22475055490897,278.56292644657645,214.81722381403887,562.0105918442479,XB-GENE-5857382,216.9367791330257,2.052955779392492,0.2581511521490172,7.952533863600299,1.8273485952719218e-15,2.6136305908374976e-12,mex3b.S,mex-3 RNA binding family member B S homeolog,fam54b|mex-3b|rkhd3,NCBI_Gene:100036990|UniprotKB:A1L3F4|UniprotKB:C5NSX3,6.595961517983779,5.593129252260165,6.661432529927457,8.121864633262222,7.746972577376032,9.13445607702474
99.99438145735785,162.74387056804494,63.07080611498173,257.02813662152937,560.5164647863002,444.360784214202,XB-GENE-5872479,264.61907396040266,1.9828736954182944,0.26695238240771313,7.427817940916053,1.1040377103261069e-13,9.211354629820816e-11,XB5872372.S,pyrimidine-specific ribonucleoside hydrolase rihA S homeolog,LOC548390,NCBI_Gene:379157|UniprotKB:Q7ZYK4,6.643789556750316,7.346468262673079,5.978923341491363,8.005788101243514,9.130615515469197,8.795590937880267
13.042745407481458,4.137556031390973,0,75.71909970742352,27.02998180441549,22.852840331016104,XB-GENE-5887902,23.79703721362126,3.3425121619161473,0.7880669333958228,4.241406434239136,2.2212348630286525e-5,0.00255620729294745,pcdh8.2.L,"protocadherin 8, gene 2 L homeolog",arcadlin|papc,NCBI_Gene:379380|UniprotKB:A0A1L8HHP1|UniprotKB:A0A974DRA8,3.7052862823200132,2.049127490011756,-9.965784284662087,6.242604405655747,4.756542008485363,4.514364709229046
590.184229688536,539.2614694246234,525.5900509581811,1233.0403851438234,1007.222479869798,1478.663409566116,XB-GENE-5899530,895.6603374418464,1.1563705760351048,0.1634755910502194,7.0736589395775304,1.5090090363018793e-12,1.079157033675315e-9,gby.L,globin Y L homeolog,globin Y,NCBI_Gene:734190|UniprotKB:Q575S4,9.20502400528923,9.074843821140199,9.037796901416387,10.268005507062837,9.976168104579951,10.530078947246963
17.390327209975275,5.516741375187964,12.458430837527256,51.405627324305875,38.41102677469569,68.5585209930483,XB-GENE-5922606,32.290112419123396,2.214182594598133,0.5549869273167761,3.98961216132271,6.618141909613522e-5,0.00613526266657875,hes5.6.L,"hairy and enhancer of split 5, gene 6 L homeolog",NA,NCBI_Gene:398008|UniprotKB:Q712T4|UniprotKB:A0A974CGY0,4.120296130245248,2.4640778369960232,3.639166260630362,5.683882458033562,5.263486183220271,6.099285124650379
8.695163604987638,8.275112062781947,11.679778910181804,56.26832180092941,25.60735118313046,61.78730904311761,XB-GENE-5964950,28.718839434188144,2.2849614173993036,0.5838284354161849,3.913754930025733,9.087186545959584e-5,0.0077504621135723,XB5964940.L,uncharacterized XB5964940 L homeolog,LOC100158459|LOC495835,NCBI_Gene:495835|UniprotKB:Q5RJW6,3.120379082716191,3.04895318015747,3.546064575645436,5.814276669970548,4.678542461586975,5.94926198672139
0,0,0,22.92413110408235,14.226306212850256,14.388825393602731,XB-GENE-5981788,8.589877118422557,6.43996525406862,1.5268418425399672,4.217833880787194,2.4666042606024032e-5,0.00274396020635014,tbxt.2.S,"T, brachyury homolog, gene 2 S homeolog",t2|xbra3,NCBI_Gene:373550|UniprotKB:Q9W7R8,-9.965784284662087,-9.965784284662087,-9.965784284662087,4.518858079205778,3.830590623845594,3.846977181384493
180.4246448034935,237.2198791330825,191.5483741269815,448.75723312839995,579.0106628630055,793.0781996356329,XB-GENE-6053022,405.00649894843264,1.5574917489694884,0.2073093155142712,7.512888386640158,5.783683672417331e-14,5.5037476410011065e-11,myc.S,"MYC proto-oncogene, bHLH transcription factor S homeolog",X-cmyc|Xcmyc|c-myc|cmyc|myc-a|myc-b,NCBI_Gene:379052|UniprotKB:Q2TAU1|UniprotKB:P06171,7.4952606004377,7.890087184886739,7.5815725016478455,8.809794597311091,9.177448598067231,9.631321135421674
379.3265122675857,139.2977197234961,143.27195463156343,592.5540555085529,257.49614245258965,608.5626740000214,XB-GENE-6078934,353.41817643063484,1.2042959887572315,0.25610352399839326,4.70237960788383,2.5714684594821853e-6,4.152506809086393e-4,rcn3.L,reticulocalbin 3 L homeolog,rlp49,NCBI_Gene:446794|UniprotKB:Q6DD08|UniprotKB:A0A8J0T8K1|UniprotKB:A0A974CI23,8.56730020251568,7.122038188151428,7.16262249022343,9.210805393775706,8.008412612003191,9.24926440975256
48.910295278055465,51.02985772048867,19.466298183636336,147.9648462172588,99.5841434899518,136.27064049235528,XB-GENE-6079153,83.87101356362439,1.7788787617060329,0.38809527229585267,4.583613583290338,4.570084509727261e-6,6.631258856723092e-4,wnt11b.L,"wingless-type MMTV integration site family, member 11B L homeolog",Xwnt-11|wnt-11|wnt11|xwnt11,NCBI_Gene:399441|UniprotKB:P49893,5.612095765788448,5.673297985457477,4.28298076489594,7.209120398201547,6.63785862621633,7.09034154371486
36.95444532119746,26.20452153214283,48.27641949541812,90.3071831372941,115.23308032408708,181.12991966064615,XB-GENE-6084229,83.01759491179763,1.767815268881473,0.35163323461343754,5.027440795876115,4.970688766020435e-7,9.099213096536128e-5,ets2.S,v-ets avian erythroblastosis virus E26 oncogene homolog 2 S homeolog,ets-2|ets2-a|ets2-b,NCBI_Gene:394325|UniprotKB:A0A1L8H5C3|UniprotKB:A2RV55|UniprotKB:P19102,5.207715053550527,4.711798916106998,5.593276658704853,6.496784816111725,6.848423644777366,7.500889030008283
28.259281716209827,1.379185343796991,0.7786519273454534,154.91155261243526,109.54255783894698,82.10094489290971,XB-GENE-6251591,62.828695721940704,4.399750117604997,0.6354389791687739,6.923953773437645,4.392092850800831e-12,2.74835210138862e-9,esr-5.L,bHLH-WRPW transcription factor ESR-5 L homeolog,ESR 5|Xesr5|esr5|x-esr5,NCBI_Gene:398356|UniprotKB:Q9W7B6,4.820703942319763,0.46486201817872763,-0.3590979129255832,7.275310240667718,6.775360832961038,6.359344492945517
76.08268154364184,49.65067237669168,74.75058502516353,156.99556453098822,113.81044970280205,185.36192712935284,XB-GENE-6251594,109.44198005144004,1.1847873817019938,0.29426137465593216,4.026309545679644,5.6659090987343325e-5,0.00536264403512412,sdc1.L,syndecan 1 L homeolog,Syn1|Syndecan-1|XSyndecan-1|syndecan1|xSyn1,NCBI_Gene:398348|UniprotKB:A0A1L8GBM5|UniprotKB:A0A974CYU6,6.249515152024981,5.633770406577087,6.224032265284384,7.294589179539178,6.830501893276229,7.534208921360587
22.82480446309255,5.516741375187964,12.458430837527256,67.38305203321175,65.44100857911118,112.57139866759783,XB-GENE-6251800,47.69923932595476,2.668897982344512,0.5128149640092233,5.204407378206908,1.946166597473856e-7,4.145748930618776e-5,prickle1.L,prickle planar cell polarity protein 1 L homeolog,Prickle-b|XPk|XPk-1|prickle|prickle A|prickle B|prickle1-a|prickle1-b,NCBI_Gene:398264|UniprotKB:Q90WV2,4.512593801732662,2.4640778369960232,3.639166260630362,6.0743352801361565,6.032145123769906,6.814709329922016
55.431667981796195,11.033482750375928,20.24495011098179,276.4789145280235,268.87718742286984,521.3833201446637,XB-GENE-6251815,192.24158715645183,3.8659041823875047,0.7262584143635199,5.3230421925996065,1.0204606385439825e-7,2.3760120728145007e-05,akap12.L,A-kinase anchoring protein 12 L homeolog,Xgl|Xgravin-like|akap250|gravin,NCBI_Gene:398212|UniprotKB:Q9DDN8,5.792664541290467,3.4639470986818353,4.339561442927089,8.111030866388976,8.070808911987118,9.026203386400242
27.172386265586372,5.516741375187964,5.450563491418174,141.01813982208233,105.27466597509188,116.80340613630452,XB-GENE-6252142,66.8726505109452,3.5256090818955417,0.49084994047521896,7.1826617285156535,6.836711166751826e-13,5.265319400116867e-10,vegt.L,vegt protein L homeolog,antipodean|brat|tVegT|vegt-a|vegt-b|xombi,NCBI_Gene:397986|UniprotKB:P87377|UniprotKB:A0A974E1F5,4.764122455962791,2.4640778369960232,2.4466700496747196,7.139747175465707,6.718028191816269,6.8679508868616574
7636.527436080393,3867.2357040067623,5446.670231781447,8522.91407624201,7541.364923431921,8811.88595134106,XB-GENE-6252150,6971.099720480599,0.6047527889679971,0.15288926058247934,3.955495544055891,7.637617185348088e-5,0.00687089968929684,post.L,posterior protein L homeolog,LOC108704914|Xpo,NCBI_Gene:397964|UniprotKB:P27536,12.898701223147064,11.91708735558541,12.411159071503878,13.057131241726502,12.880610138724737,13.105235271327551
198.90186746409225,161.36468522424795,172.08207594334522,408.4663360363764,396.9139433385222,372.4166572461884,XB-GENE-6252158,285.02426087546206,1.1461007482049486,0.20241947523140916,5.662008296853394,1.4961158868051436e-8,4.405621252556794e-6,ventx2.L,VENT homeobox 2 gene 1 L homeolog,Xbr-1a|Xvr-11b|ventx2.1|ventx2.1-a|ventx2.1-b|vox|vox1|xvent-2|xvent-2b,NCBI_Gene:397948|UniprotKB:Q91893|UniprotKB:A0A1L8FJ66,7.6359202645708475,7.334190008661863,7.426961407703596,8.674076904565569,8.6326860687528,8.540777666048468
194.5542856615984,279.97462479078916,385.43270403599945,414.0237011525176,593.2369690758557,556.9321828817998,XB-GENE-6252309,404.02574459976,0.8930990448991666,0.19439012369238728,4.594364301719626,4.340704828584521e-6,6.391049521145328e-4,gs17.L,gastrula-specific protein 17 L homeolog,LOC108702494,NCBI_Gene:397898|UniprotKB:P07733,7.604036365635167,8.129157418644203,8.590338922590389,8.693573032782352,9.212467127493822,9.121360442820535
69.5613088399011,49.65067237669168,60.73485033294537,118.78867935751762,106.69729659637692,250.5348421474358,XB-GENE-6252320,109.32794160847808,1.3219753554459788,0.3324968382674437,3.975903537412432,7.011254302769266e-5,0.00644006220911246,ets2.L,v-ets avian erythroblastosis virus E26 oncogene homolog 2 L homeolog,ets-2|ets2-a|ets2-b,NCBI_Gene:397877|UniprotKB:Q6DE76|UniprotKB:Q91712,6.120233912761825,5.633770406577087,5.924476437232186,6.892265687643006,6.737393333963529,7.9688732027336036
2508.554700038934,3588.640264559771,3594.257296626613,1692.9123485045056,2690.1945048499833,1606.470035121058,XB-GENE-6252582,2613.5048582834775,-0.7148391177823419,0.15654548463226176,-4.566334950264186,4.963254867414883e-6,7.098872533222544e-4,xepsin.L,epidermis specific serine protease L homeolog,NA,NCBI_Gene:397795|UniprotKB:Q9PVX7,11.292641256759833,11.809221997253871,11.811478374609612,10.725292415673472,11.393495306376488,10.649679253729163
85.86474059925293,31.721262907330793,423.58664847592667,649.5170479489999,500.76597869232904,1616.626853045954,XB-GENE-6252659,551.3470886116322,2.9133181539479054,0.5550080347048317,5.249145907405262,1.528060130061747e-7,3.3997640049284914e-5,crabp2.L,cellular retinoic acid binding protein 2 L homeolog,xCRABP,NCBI_Gene:378522|UniprotKB:P50568,6.424010723033235,4.98742378423752,8.726516711724598,9.343225803707721,8.967995621758712,10.65877189398895
4.347581802493819,6.895926718984955,16.35169047425452,70.16173459128234,81.08994541324647,171.81950322949143,XB-GENE-6252662,58.44439703829226,3.5994183539418225,0.47947091763178784,7.507062934536552,6.046866165702376e-14,5.5037476410011065e-11,cdh2.L,cadherin 2 L homeolog,N-Cad|N-cadherin|cadherin-2|cdh2-a|cdh2-b,NCBI_Gene:378518|UniprotKB:P33147,2.1205449733505777,2.7859536379794165,4.031456113762816,6.132633072778321,6.341468927496558,7.424758392389423
43.47581802493819,16.550224125563894,34.26068480319995,108.36861976475292,78.24468417067641,133.73143601113128,XB-GENE-6252854,69.1052444833771,1.8060550548328391,0.3827447635239549,4.718693048088699,2.3736465413365264e-6,3.8958933068625087e-4,hes5.5.S,hairy and enhancer of split 5 gene 5 S homeolog,esr10,NCBI_Gene:378498|UniprotKB:B7ZQH5|UniprotKB:Q712T3,5.442174451360528,4.048866017331991,5.098524191944336,6.7598165594028,6.28993927380449,7.0632056147945335
41.30202712369128,8.275112062781947,6.229215418763627,116.70466743896468,75.39942292810636,140.50264796106197,XB-GENE-6252887,64.73551548889498,2.9461600187539556,0.5148174217456519,5.7227278920827205,1.048270894536589e-8,3.2797775612813527e-6,axin2l.L,axin 2 like L homeolog,axil|conductin|xarp,NCBI_Gene:373619|UniprotKB:Q9PTP2|UniprotKB:A0A1L8FNP0|UniprotKB:A0A974CIC0,5.368175616393964,3.04895318015747,2.6392820473919802,6.866730812410008,6.236500710616985,7.134463778064424
71.73509974114802,31.721262907330793,17.130342401599975,175.05700115844704,120.92360280922718,225.1427973351957,XB-GENE-6253409,106.95168439215811,2.266274488045961,0.40453561595066095,5.602163069672378,2.1169325374240967e-8,6.055636732768588e-6,axin2l.S,axin 2 like S homeolog,axil|conductin|xarp,NCBI_Gene:447702|UniprotKB:Q641H3|UniprotKB:A0A8J0TD29,6.164627403647161,4.98742378423752,4.098566299447091,7.451689192516937,6.917963988868409,7.814702922053559
16.303431759351824,2.758370687593982,20.24495011098179,86.13915930018823,59.75048609397108,88.02575534909907,XB-GENE-6253435,45.53702555019766,2.702054891630062,0.5183037933494239,5.213264742225074,1.8554579791312538e-7,4.038444627622198e-5,hes5.7.L,"hairy and enhancer of split 5, gene 7 L homeolog",esr9|hes9|hes9.1-a|hes9.1-b,NCBI_Gene:733288|UniprotKB:Q53U30|UniprotKB:A0A974CGP4,4.027192256166887,1.4643392780868973,4.339561442927089,6.4286140864654975,5.900902690051717,6.459870186168502
482.5815800768139,390.30945229454846,363.6304500703268,927.3853037560586,559.0938341650151,980.9793312462098,XB-GENE-6253606,617.3299919348287,0.9725266808329976,0.19119855991919535,5.086474925564337,3.647799219503246e-7,6.890899204842736e-5,fzd10.S,frizzled class receptor 10 S homeolog,Fz-10|Xfr9|Xfz10|frizzled-10|frizzled10|fz10|fzd10-a|fzd10-b,NCBI_Gene:387605|UniprotKB:A0A974DVQ6,8.914632028887485,8.60847828763127,8.506333171755358,9.857026609986061,9.126949204820695,9.938080400329307
83.69094969800602,64.82171115845858,102.0034024822544,243.13472383117644,170.71567455420308,323.32537060919077,XB-GENE-6253647,164.61530538888155,1.5425899127960565,0.25236641484064765,6.112500800750756,9.808181545111343e-10,4.2695440708545556e-7,MGC145260.L,hypothetical protein MGC145260 L homeolog,NA,NCBI_Gene:733174|UniprotKB:A0A1L8EY90,6.387016951960159,6.018427456380312,6.672487609640622,7.925618073300241,7.415460168596053,8.336847368737613
1.0868954506234547,0,0,15.282754069388233,7.113153106425128,66.0193165118243,XB-GENE-6253809,14.917019856376852,5.774359789674345,1.2655375837361984,4.562772266807693,5.048256368282256e-6,7.118752501301681e-4,lrp2.L,LDL receptor related protein 2 L homeolog,dbs|gp330|megalin,NCBI_Gene:100126618|UniprotKB:A0A8J0TMK5|UniprotKB:A0A8J0TV20,0.12153991677709515,-9.965784284662087,-9.965784284662087,3.933927043502245,2.8306920235287145,6.04483814997227
305.4176216251908,390.30945229454846,540.3844375777447,219.51592208757643,246.11509748230944,170.9731017357501,XB-GENE-6254029,312.1192721338533,-0.9350381329245108,0.24211863019485605,-3.8619008052870454,1.12508249161147e-4,0.00908413379517261,fzd8.S,frizzled class receptor 8 S homeolog,Fz-8|Xfz8|frizzled 8|frizzled-8|frizzled8|fz8|fzd8-a|fzd8-b,NCBI_Gene:399367|UniprotKB:B7ZQV9,8.25464421689737,8.60847828763127,9.077844986907886,7.778188348081213,7.943195211643918,7.417633999522994
2.1737909012469094,2.758370687593982,1.5573038546909068,78.49778226549411,19.91682869799036,21.16003734353343,XB-GENE-6254040,21.010685625091615,4.01937594862175,0.8643984432188846,4.649911137801478,3.3207807649136476e-6,5.194946409111787e-4,mef2d.S,myocyte enhancer factor 2D S homeolog,XMEF2D|mef2d-a|mef2d-b|sl1,NCBI_Gene:399340|UniprotKB:Q03413|UniprotKB:B7ZQS1|UniprotKB:A0A8J0TNC7,1.1208766974047026,1.4643392780868973,0.6399765728822204,6.294598368851381,4.315988478368737,4.403338446993781
6.521372703740729,1.379185343796991,0,22.229460464564703,51.21470236626092,41.47367319332552,XB-GENE-6254051,20.46973234528148,4.2440600314831975,0.959078188866716,4.425144978532088,9.637753530163044e-6,0.00125315829018171,hoxb7.L,homeobox B7 L homeolog,MM3|Xhox45|XlHbox2|hho.c1|hox-2.3|hox2|hox2c|hoxb7-a|hoxb7-b|xeb2,NCBI_Gene:399312|UniprotKB:Q4QR28|UniprotKB:P04476|UniprotKB:A0A974BX52,2.7053968824349703,0.46486201817872763,-9.965784284662087,4.474465926431031,5.678514292863519,5.37415870815467
45.6496089261851,27.58370687593982,52.94833105949083,94.47520697439998,145.10832337107263,153.19867036718202,XB-GENE-6254056,86.49397459571173,1.6253179521669974,0.35841851947773123,4.534693002290523,5.768733068760214e-6,8.021743817281564e-4,aplnr.L,apelin receptor L homeolog,X-msr|Xangio1|Xmsr|agtrl1|angio1|apj|apjr|aplnr-a|aplnr-b|hg11|msr,NCBI_Gene:399306|UniprotKB:P79960|UniprotKB:A0A974E122,5.512562199104054,4.785796744893448,5.726540552792389,6.561879139543368,7.1809964062785605,7.259269382859113
164.12121304414168,153.089573161466,275.64278228029053,276.4789145280235,448.1286457047831,450.2855946703914,XB-GENE-6254070,294.6244538981827,0.9894488019933372,0.22532937978390297,4.391122022979187,1.127672302134989e-5,0.00142914621379436,fkbp9.L,FKBP prolyl isomerase 9 L homeolog,NA,NCBI_Gene:380130|UniprotKB:Q2TAU6,7.358626702726649,7.258241638700472,8.10666124857882,8.111030866388976,8.807772359908398,8.814699718108658
47.82339982743201,13.79185343796991,0,316.769811620047,83.93520665581651,12.696022406120058,XB-GENE-6254214,79.16938232456425,2.964479859010553,0.5119557858821597,5.79049976728441,7.01772955017955e-9,2.422810629530954e-6,tbx6.L,T-box 6 L homeolog,XTbx6,NA,5.579674958463024,3.785849044484585,-9.965784284662087,8.307295596306423,6.391221359606265,3.666418303413394
42.38892257431474,34.47963359492478,84.09440815330898,210.48520377384705,162.17989082649294,247.14923617247044,XB-GENE-6254410,130.12954918255983,2.0038169534750985,0.29832993623055404,6.716781355547629,1.8578240753756017e-11,1.0333630357033625e-8,etv4.L,ETS variant transcription factor 4 L homeolog,pea3,NCBI_Gene:399135|UniprotKB:A0A1L8FVX6|UniprotKB:Q9W696|UniprotKB:A0A8J0VEK6,5.405649426183551,5.107714379635067,6.39395512229634,7.71758186534986,7.3414600319319465,7.949244474867378
2561.812577119483,1792.9409469360885,1280.1037685559254,2293.80245168727,940.358840669402,512.9193052072503,XB-GENE-6254695,1563.6563150292366,-0.7986235665822357,0.18966634604703947,-4.210676185980657,2.5460746999832688e-5,0.00280124174683873,val.L,val protein L homeolog,NA,NCBI_Gene:100217318|UniprotKB:B5UA20|UniprotKB:A0A8J0TZ46|UniprotKB:A0A8J0U9U4|UniprotKB:A0A8J0U6B4|UniprotKB:A0A8J0TZ52|UniprotKB:A0A8J0U7J3|UniprotKB:A0A8J0U725,11.32294977940848,10.808113061087392,10.322046175270646,11.16352606161986,9.877069117850905,9.002590874839136
77.1695769942653,34.47963359492478,50.61237527745448,202.84382673915292,83.93520665581651,151.50586737969934,XB-GENE-6254707,100.09108110688555,1.430225832730449,0.3109825290235067,4.599055249892641,4.244112240410525e-6,6.34209727626719e-4,hmox1.L,heme oxygenase 1 L homeolog,NA,NCBI_Gene:734976|UniprotKB:A0A1L8GNF4|UniprotKB:Q2VPG8,6.269978987514939,5.107714379635067,5.661446782110394,7.664232698959578,6.391221359606265,7.243239378259039
27.172386265586372,5.516741375187964,7.786519273454535,61.82568691707058,48.36944112369087,49.09128663699756,XB-GENE-6255483,33.29367693199798,2.2144104786415224,0.5770684153550042,3.837344792608774,1.2437179116471866e-4,0.00988262200905685,aplnr.S,apelin receptor S homeolog,X-msr|Xangio1|Xmsr|agtrl1|angio1|apj|apjr|aplnr-a|aplnr-b|hg11|msr,NCBI_Gene:379537|UniprotKB:Q2TAD5,4.764122455962791,2.4640778369960232,2.961163828689817,5.950157793411843,5.596053789670504,5.617424461490008
96.73369510548748,27.58370687593982,24.91686167505451,418.88639562914113,194.90039511604851,432.5111633018233,XB-GENE-6256038,199.25536961724913,2.9861070399259435,0.3314421230634,9.009437341055005,2.0711636017670238e-19,6.912163326963814e-16,znf703.L,zinc finger protein 703 L homeolog,znf703-a|znf703-b,NCBI_Gene:398562|UniprotKB:Q7ZWN6,6.595961517983779,4.785796744893448,4.639108363764593,8.710418663769296,7.606600607306397,8.7565968952142
48.910295278055465,52.40904306428566,309.90346708349045,141.7128104616,227.6208994056041,530.6937365758184,XB-GENE-6256308,218.541708644809,1.4191328251376567,0.2762836088840223,5.136507485441806,2.798912072808587e-7,5.494648563325406e-5,krt18.1.S,"keratin 18, type I, gene 1 S homeolog",ENDO-B KERATIN|NC-11|cyk18|endo B|k18|krt18|krt18-a|krt18-b,NCBI_Gene:398482|UniprotKB:P08802,5.612095765788448,5.71177138929738,8.275679740416024,7.1468365501025595,7.830495555169589,9.05173842996269
977.119010110486,1817.7662831244345,1516.035302541598,514.0562732430587,1364.3027658123397,728.7516861112913,XB-GENE-6256341,1153.0052201572014,-0.7991311314118837,0.1612439108379865,-4.956039128912154,7.194473333452609e-7,1.2862690538308487e-4,atp12a.L,"ATPase, H+/K+ transporting, nongastric, alpha polypeptide L homeolog",atp12a-a|atp12a-b|atp1al1,NCBI_Gene:379283|UniprotKB:Q7ZXD3,9.932391954996424,10.827951797190444,10.566088584918894,9.00578529475927,10.413949184625075,9.509285485730805
13879.65490446152,14709.01169159491,11600.356413592566,11237.686935476975,10302.690959346157,6508.827486870883,XB-GENE-6256578,11373.038065223836,-0.5504014367632872,0.13259451945638046,-4.151011965048468,3.310084589976474e-5,0.00345214238696296,gfpt2.L,glutamine-fructose-6-phosphate transaminase 2 L homeolog,NA,NCBI_Gene:380175|UniprotKB:Q7ZYF4,13.760684181537638,13.844412791829273,13.501881635839702,13.456057622658555,13.33073372365481,12.668182183156688
96.73369510548748,33.10044825112779,39.71124829461812,237.57735871503525,194.90039511604851,270.8484779972279,XB-GENE-6462217,145.4786039132575,2.17781487226107,0.32365954430452765,6.728721307881434,1.71160521228272e-11,1.008034787374976e-8,robo3.L,roundabout guidance receptor 3 L homeolog,hgpps|hgps|rbig1|rig1|roundabout-3,NCBI_Gene:100322880|UniprotKB:D2KAS7,6.595961517983779,5.048822433944389,5.311512135721452,7.8922596151538595,7.606600607306397,8.081347500109123
55.431667981796195,2.758370687593982,7.786519273454535,354.28202615399994,226.19826878431908,291.16211384702,XB-GENE-6485591,156.26982778803065,4.660774758462834,0.9483228289188568,4.914755414858449,8.88933659010222e-7,1.534483412760404e-4,sp5l.S,Sp5 transcription factor-like S homeolog,XSpr2|gli1-2|spr-2|spr2|xspr-2,NCBI_Gene:398277|UniprotKB:Q8UUU4,5.792664541290467,1.4643392780868973,2.961163828689817,8.468758536771858,7.821450455428976,8.185683788303592
132.60124497606148,96.54297406578937,78.6438446618908,251.4707715053882,143.6856927497876,332.6357870403455,XB-GENE-6486309,172.59671916654383,1.2055897074094866,0.299347146152911,4.027396696121008,5.6397833379170254e-5,0.00536264403512412,plxnb1.S,plexin B1 S homeolog,NA,NCBI_Gene:108715907|UniprotKB:A0A1L8GHW9|UniprotKB:A0A974HME4,7.050961390477215,6.593114308939433,6.297280291876149,7.974252651853784,7.166782645495738,8.377803918068775
336.937589693271,306.179146322932,277.9787380623269,184.7823901116941,192.05513387347847,122.7282165924939,XB-GENE-6487283,236.7768691093661,-0.908215303730656,0.22057718236390111,-4.117449021686712,3.830892324970486e-5,0.00387423171288934,grk6.L,G protein-coupled receptor kinase 6 L homeolog,NA,NCBI_Gene:733256|UniprotKB:A0A1L8GXX0,8.396341860059437,8.25823692679246,8.118835918542477,7.529691270768659,7.585384231058611,6.939334923825016
28.259281716209827,0,0.7786519273454534,149.3541874962941,105.27466597509188,361.413437827551,XB-GENE-6488002,107.5133708237487,6.970318552285619,1.8085561202440497,3.8540792150508616,1.1616598285707536e-4,0.0093044305629203,pnhd.L,pinhead L homeolog,pinhead,NCBI_Gene:100158295|UniprotKB:B1H1S8,4.820703942319763,-9.965784284662087,-0.3590979129255832,7.222603536865729,6.718028191816269,8.497510330083923
107.60264961172204,75.85519390883451,94.21688320879989,300.79238691114114,143.6856927497876,508.6872977385436,XB-GENE-853257,205.1400173548048,1.6458195865550589,0.286387449013904,5.746828613551269,9.093281466090905e-9,2.936836581887166e-6,prdm1.S,PR domain 1 S homeolog,blimp1|xblimp1,NCBI_Gene:380265|UniprotKB:Q9PUI4|UniprotKB:A0A1L8G300,6.7495832006380345,6.245195080985585,6.557929014258167,8.232629038787021,7.166782645495738,8.990638095477603
165.20810849476513,0,3.1146077093818136,782.8938107363881,613.153797773846,857.4047131599746,XB-GENE-864834,403.62917297905926,7.552212022727216,1.9243486057619512,3.9245550416978094,8.689019164476653e-5,0.00749952240299484,cdx1.S,caudal type homeobox 1 S homeolog,cdx-1,NCBI_Gene:397695|UniprotKB:Q91622|UniprotKB:A0A8J0UT29,7.368149419013771,-9.965784284662087,1.6395135930407578,9.612674670696617,9.260107534143843,9.743834220085782
951.033519295523,755.793568400751,808.2407005845807,1439.3575650805644,1216.349181198697,2081.301273109948,XB-GENE-864850,1208.679301278344,0.8851470667546345,0.1706409840633196,5.187189183263171,2.134918257390996e-7,4.362204406734419e-5,cdh3.L,cadherin 3 L homeolog,EP-cadherin|P-cadherin|U-cadherin|XB-cadherin|XBcad|b-cadherin|c-cadherin|cdh3-a|cdh3-b|cdhc-A|cdhp|hjmd|pcad|xb-cad,NCBI_Gene:594865|UniprotKB:P33152|UniprotKB:A0A1L8GKW6,9.893353896699319,9.561850340326213,9.65864297791397,10.491210317758188,10.248342918006767,11.023270791421098
639.0945249665914,584.7745857699242,789.5530543282898,369.5647802233882,416.83077203651254,475.6776394826315,XB-GENE-864909,545.915892801223,-0.67358193142701706,0.16654809491758243,-4.044368875911454,5.2464261054581826e-5,0.00520071467008389,casp6.L,caspase 6 L homeolog,caspase 6|caspase-6|xCaspase-6,NCBI_Gene:397818|UniprotKB:Q9IB66|UniprotKB:A0A8J0TPH7|UniprotKB:A0A974DXE9,9.319887775243792,9.19173927017604,9.62489422880747,8.529687367016834,8.703321437670771,8.893843431799107
27.172386265586372,15.1710387817669,28.810121311781774,68.07772267272941,129.45938653693733,81.25454339916837,XB-GENE-864941,58.324199827995024,1.908285209439262,0.44327771845233616,4.304942770644701,1.6702890908029035e-5,0.00201481137073718,ventx3.2.S,"VENT homeobox 3, gene 2 S homeolog",Xvex-1|ventral homeobox 1|vex1,NCBI_Gene:398140|UniprotKB:Q9W769,4.764122455962791,3.923343059358968,4.848553905314555,6.089132063594457,7.016366906300598,6.344394334521159
117.38470866733311,9.654297406578936,1.5573038546909068,822.490037188894,533.4864829818846,648.3435442058643,XB-GENE-864967,355.4860623842076,5.6775623728951174,1.2921249796080545,4.393973077292659,1.1129760547868668e-5,0.00142860464878539,cdx2.L,caudal type homeobox 2 L homeolog,Xcaudal2|cad2|cdx-2|cdx3-like|xcad2,NCBI_Gene:735025|UniprotKB:Q2T9K7|UniprotKB:A0A974DR75,6.875112965430484,3.271320698366846,0.6399765728822204,9.68385614743891,9.059310611805104,9.340616885780216
3.2606863518703646,0,0,19.45077790649411,31.297873668270565,34.70246124339482,XB-GENE-865004,14.785299861671644,5.0529663049338165,1.2230940579851934,4.131298220234659,3.6072024647308774e-5,0.00372322794607067,evx1.L,even-skipped homeobox 1 L homeolog,Xhox3|eve1,NCBI_Gene:399437|UniprotKB:P50476,1.7056180572316035,-9.965784284662087,-9.965784284662087,4.281830119490001,4.96803883567343,5.117007655951754
41.30202712369128,17.929409469360884,16.35169047425452,213.95855697143529,113.81044970280205,163.35548829207806,XB-GENE-865143,94.451270338937,2.7758752717681103,0.3581940734227634,7.749640426048719,9.215312049531566e-15,1.1532963029988754e-11,hoxc6.S,homeobox C6 S homeolog,ACI|XlHbox1|xeb1,NCBI_Gene:394330|UniprotKB:P02832|UniprotKB:A0A8J0UI33,5.368175616393964,4.164336529701071,4.031456113762816,7.74119431130383,6.830501893276229,7.351879947525338
29.34617716683328,2.758370687593982,0,291.0669979578941,229.04353002688913,297.93332579695067,XB-GENE-865212,141.69140027269353,6.446317643400387,1.6594526266222214,3.8846048028027904,1.0249647310532136e-4,0.00848094784074774,tbxt.S,T-box transcription factor T S homeolog,X-bra|Xbra|Xbrachyury|bra|brachyury|ntl|t|t-a|t-b,NCBI_Gene:399275|UniprotKB:P24781,4.875149835590121,1.4643392780868973,-9.965784284662087,8.18521241801784,7.839484299029635,8.21885053962657
189.11980840848113,132.40179300451115,55.2842868415272,414.7183717920352,324.3597816529859,343.63900645898286,XB-GENE-865370,243.2538413597539,1.6664311508750609,0.2793628343390261,5.965113988114581,2.4446332073381887e-9,9.413718335334594e-7,fzd10.L,frizzled class receptor 10 L homeolog,Fz-10|Xfr9|Xfz10|frizzled-10|frizzled10|fz10|fzd10-a|fzd10-b,NCBI_Gene:387604|UniprotKB:Q9DEB5,7.56316429730432,7.0487897455396205,5.788823679776857,8.695991627748205,8.341455584129072,8.424754194121135
29.34617716683328,6.895926718984955,2.3359557820363603,144.49149301967057,81.08994541324647,134.5778375048726,XB-GENE-865372,66.4562226009407,3.77311133988997,0.9075799693052472,4.157332100198607,3.21985755329494e-5,0.0034294908322966898,wnt5b.S,Wnt family member 5B S homeolog,MGC89512|wnt-5b|xwnt5b,NCBI_Gene:379842|UniprotKB:P33945,4.875149835590121,2.7859536379794165,1.2246304368848044,7.174850730496337,6.341468927496558,7.07230775405322
2.1737909012469094,0,1.5573038546909068,24.313472383117645,7.113153106425128,119.34261061752854,XB-GENE-865376,25.750055143834853,5.011305348824968,0.9510399437395272,5.269290087985489,1.369523849158359e-7,3.116289267675793e-5,zic3.S,Zic family member 3 S homeolog,Zinc finger protein of the cerebellum 3|xzic3,NA,1.1208766974047026,-9.965784284662087,0.6399765728822204,4.603743380746581,2.8306920235287145,6.898977519687041
65.2137270374073,49.65067237669168,61.51350226029082,179.91969563507055,120.92360280922718,118.4962091237872,XB-GENE-865415,99.28623487374578,1.228827892791998,0.3107825274261814,3.95397998390973,7.686184230935339e-5,0.00687089968929684,rara.L,retinoic acid receptor alpha L homeolog,XRARa|nr1b1|rar alpha|xRAR alpha,NCBI_Gene:399081|UniprotKB:Q92019,6.027125891010237,5.633770406577087,5.9428546658685395,7.4912173339673345,6.917963988868409,6.888709270580227
3.2606863518703646,0,0,29.87083749925882,31.297873668270565,30.47045377468814,XB-GENE-865431,15.816641882347982,5.154091075095637,1.1568149930374747,4.455415175388094,8.373099755438535e-6,0.001117752996686,hoxc8.S,homeobox C8 S homeolog,hoxc-8|xhoxc8,NA,1.7056180572316035,-9.965784284662087,-9.965784284662087,4.900714079423679,4.96803883567343,4.929386426664324
304.33072617456736,365.48411610620263,307.5675113014541,529.339027312447,485.1170418581938,652.575551674571,XB-GENE-865453,440.7356624045726,0.7704604335761224,0.1907968393938227,4.0381194784145205,5.388140945539853e-5,0.00528883011242598,tfap2a.S,to transcription factor AP-2 alpha S homeolog,AP2a|AP2alpha|XAP-2|ap2|tfap2a-a|tfap2a-b|tfap2alpha|xap2,NCBI_Gene:503683|UniprotKB:A0A1L8FS35|UniprotKB:Q63ZP3|UniprotKB:A0A8J0VIZ8|UniprotKB:A0A8J0VLF7|UniprotKB:A0A8J0VL65|UniprotKB:A0A8J0VMC4|UniprotKB:A0A974CJ86,8.24950093049164,8.51366884531771,8.26476399829347,9.048050940709096,8.922192025080127,9.350003339339695
3.2606863518703646,1.379185343796991,0,65.99371075417646,38.41102677469569,22.852840331016104,XB-GENE-865614,21.98290825925927,5.022185310287699,0.9750855042042832,5.150507610495189,2.597823897853834e-7,5.2018825730625175e-5,hes7.2.L,hes family bHLH transcription factor 7 L homeolog,ESR 4|ESR-4|enhancer-of-split-related 4|esr4,NCBI_Gene:398355|UniprotKB:A0A1L8H3L7|UniprotKB:A0A974HUM2,1.7056180572316035,0.46486201817872763,-9.965784284662087,6.044278497017526,5.263486183220271,4.514364709229046
21.737909012469096,5.516741375187964,10.901126982836349,106.97927848571764,105.27466597509188,143.04185244228597,XB-GENE-865659,65.57526237893148,3.3012496909653017,0.46785559612187394,7.056129537254361,1.712042380943185e-12,1.142731221200211e-9,prickle1.S,prickle planar cell polarity protein 1 S homeolog,Prickle-b|XPk|XPk-1|prickle|prickle A|prickle B|prickle1-a|prickle1-b,NCBI_Gene:398256|UniprotKB:Q90Z06|UniprotKB:A0A974D8Y1,4.442207634066051,2.4640778369960232,3.4465377242228654,6.741201054127987,6.718028191816269,7.16030360072703
14.129640858104914,6.895926718984955,3.1146077093818136,63.21502819610587,95.31625162609672,85.48655086787505,XB-GENE-865693,44.693000996091556,3.4604474844634763,0.5736027282872186,6.032829541791746,1.6111333926283575e-9,6.675333643276771e-7,gdf3.S,growth differentiation factor 3 S homeolog,derriere|derri├⌐re|gdf-3|gdf1|vgr-2|vgr2,NCBI_Gene:394305|UniprotKB:Q9YGV1,3.820754991687594,2.7859536379794165,1.6395135930407578,5.98221848979782,6.57466544840291,6.417642437589386
76.08268154364184,49.65067237669168,50.61237527745448,164.63694156568232,108.11992721766195,409.6583229708072,XB-GENE-865755,143.1268201586566,1.7651061657142884,0.3584924001761038,4.923692008107306,8.49264664545979e-7,1.4917259335849722e-4,mst1.L,macrophage stimulating 1 L homeolog,12S E1A|E1A|XHL|Xhlp|d3f15s2|dnf15s2|hgfl|hlp|livertine|msp|nf15s2,NCBI_Gene:379214|UniprotKB:P70006|UniprotKB:A0A1L8GP52|UniprotKB:A0A974HPW6|UniprotKB:A0A974HPE9,6.249515152024981,5.633770406577087,5.661446782110394,7.363153039512667,6.756501978999952,8.678280837628984
3594.363255211765,3494.855661181575,1839.9545043173064,2861.3483641731877,2331.691588286157,1184.962091237872,XB-GENE-865962,2551.195910734644,-0.5145774023766935,0.1303560734372225,-3.9474754709032114,7.897960698705243e-5,0.00699773296596786,krt19.L,keratin 19 L homeolog,cytokeratin 19|krt15|krt9,NCBI_Gene:432054|UniprotKB:Q6IRP5|UniprotKB:A0A8J0TRW3,11.81152090457255,11.77101757046503,10.845455162641683,11.482479942822541,11.187161879980287,10.210626407990386
111.95023141421584,57.925784439473624,126.14161222996346,209.09586249481177,115.23308032408708,345.33180944646557,XB-GENE-866059,160.94639672483623,1.1297688744536944,0.26237523615131303,4.305927994676111,1.6628714453394125e-5,0.00201481137073718,lin28a.S,lin-28 homolog A S homeolog,csdd1|lin-28|lin28|zcchc1,NCBI_Gene:387262|UniprotKB:Q8JHC4|UniprotKB:B7ZPW6|UniprotKB:A0A8J0UKS2,6.806726587062259,5.856158677004246,6.978911904520962,7.708027604178852,6.848423644777366,8.431843598327678
133.68814042668495,70.33845253364655,58.39889455090901,492.5214834180117,423.9439251429376,423.2007468706686,XB-GENE-866060,267.01527382380976,2.428617609288709,0.25102419191080544,9.674834886637743,3.857137570622584e-22,1.9308830678536655e-18,sall1.L,spalt-like transcription factor 1 L homeolog,LOC108715370|sal-1|sal-like 1|sal1|sall1-a|sall1-b|sall1b|spalt-like 1|tbs|znf794,NCBI_Gene:379679|UniprotKB:Q6PCL1,7.062738469799347,6.136262201103541,5.86789385900947,8.944045774192055,8.727733045638592,8.725201772322244
9.782059055611091,4.137556031390973,7.007867346109081,51.405627324305875,19.91682869799036,129.4994285424246,XB-GENE-866069,36.95822783297199,3.077811049325956,0.6123330398785031,5.026367758853326,4.998568920390402e-7,9.099213096536128e-5,ror2.L,receptor tyrosine kinase like orphan receptor 2 L homeolog,Xror2,NCBI_Gene:398399|UniprotKB:Q8AV69|UniprotKB:A0A8J0U053|UniprotKB:A0A8J0TZ80|UniprotKB:A0A974E0Q3,3.2902856506882565,2.049127490011756,2.8091813192458854,5.683882458033562,4.315988478368737,7.016813061856499
24.99859536433946,1.379185343796991,7.007867346109081,118.09400871799998,106.69729659637692,330.0965825591215,XB-GENE-866281,98.04558932129063,4.598763668843675,1.0740145168100426,4.2818449814836566,1.8535009203084575e-5,0.00218655261164679,wnt8a.L,Wnt family member 8A L homeolog,Xwnt-8|Xwnt8|wnt-8|wnt8,NCBI_Gene:397970|UniprotKB:P28026,4.64383283895132,0.46486201817872763,2.8091813192458854,6.883804180335707,6.737393333963529,8.366748762922457
5569.252288994582,5246.421047803754,4316.846285203194,4301.40059989327,3715.911182796487,2649.2366754103855,XB-GENE-866299,4299.844680016946,-0.524609614228624,0.12588244530744813,-4.167456494409107,3.0801727507616e-5,0.00331598812694893,gfpt1.S,glutamine--fructose-6-phosphate transaminase 1 S homeolog,gfat,NA,12.44326819239248,12.357118154366002,12.075762340913606,12.070591119298856,11.85950069194211,11.371361565045415
33.6937589693271,131.02260766071416,249.94726867789055,16.672095348423525,19.91682869799036,27.931249293464127,XB-GENE-866456,79.8639681079683,-2.3514935014651694,0.4291771218917811,-5.479074679237233,4.2755588990171295e-8,1.0976127101784484e-5,nkx2-3.S,NK2 homeobox 3 S homeolog,nkx-2.3|nkx2-3-a|nkx2-3-b|nkx2.3|xnkx-2.3|xnkx2-3,NCBI_Gene:397987|UniprotKB:Q91623,5.0744523006273665,7.033682967846865,7.96548572368365,4.059450059396034,4.315988478368737,4.803859848736741
46.736504376808554,5.516741375187964,15.57303854690907,102.81125464861177,49.7920717449759,140.50264796106197,XB-GENE-866575,60.1553764422592,2.374579933263631,0.4878303007214927,4.867635179183555,1.1294157554038586e-6,1.9165611090005816e-4,cyyr1.L,cysteine and tyrosine-rich 1 L homeolog,NA,NCBI_Gene:496347|UniprotKB:Q5HZN7,5.546508796074304,2.4640778369960232,3.9610711970502317,6.683868425776127,5.637873113194476,7.134463778064424
5.434477253117274,4.137556031390973,10.901126982836349,30.565508138776465,32.72050428955559,121.88181509875255,XB-GENE-868373,34.2734979657382,3.05087729547479,0.5985856715356639,5.096809764336327,3.454251338614692e-7,6.650762385040442e-5,tspan1.L,tetraspanin 1 L homeolog,tetraspanin-1,NCBI_Gene:496318|UniprotKB:Q5HZS3,2.4424067142731922,2.049127490011756,3.4465377242228654,4.9338798457184625,5.032167168998187,6.9293509168850775
120.64539501920348,86.88867665921043,45.94046371338175,378.5954985371176,300.17506109114044,362.2598393212923,XB-GENE-920534,215.75082239022433,2.12661224253468,0.27861901821910906,7.632688737932056,2.2990750878260507e-14,2.557593308812713e-11,ventx2.2.L,"VENT homeobox 2, gene 2 L homeolog",Xom|vent-2|vent2|xvent-2|xvent2,NCBI_Gene:394272|UniprotKB:Q91914,6.914640997449238,6.441112875870997,5.5217249171756215,8.564517258062788,8.229665117025808,8.500885047537938
33.6937589693271,23.446150844548846,43.604507931345395,91.00185377681176,125.19149467308226,176.89791219193947,XB-GENE-920881,82.30594639784248,1.939967539898012,0.35809465522406175,5.4174713629393985,6.044782753306709e-8,1.47610646161236e-5,ventx1.2.S,"VENT homeobox 1, gene 2 S homeolog",Xvent-1|Xvent1|vent-1|vent1,NCBI_Gene:100037246|UniprotKB:Q91926|UniprotKB:B7ZQJ4,5.0744523006273665,4.551340720733805,5.446438472168444,6.5078398826723065,6.968004264645209,7.466781366236563
21.737909012469096,46.89230168909769,84.87306008065443,87.52850057922352,52.637332987545946,361.413437827551,XB-GENE-923178,109.18042369609029,1.4824106764266074,0.3791947703545316,3.90936477061805,9.253914072604712e-5,0.0077857300583965,ncam1.L,neural cell adhesion molecule 1 L homeolog,n-cam|n-cam-1|ncam|ncam1-a|ncam1-b,NCBI_Gene:397762|UniprotKB:P36335|UniprotKB:A0A1L8FLT9|UniprotKB:A0A8J0T850|UniprotKB:A0A8J0T5X5|UniprotKB:A0A8J0T857|UniprotKB:A0A8J0T927|UniprotKB:A0A8J0T856|UniprotKB:A0A8J0T922,4.442207634066051,5.551309955579584,6.407251787520289,6.4516974337336235,5.718041895725673,8.497510330083923
271.7238626558637,252.39091791484935,245.27535711381785,435.55849097756465,512.1470236626093,649.1899456996056,XB-GENE-939946,394.3809330040517,1.0380194718049995,0.19970072209471432,5.19787540534123,2.0157916007047958e-7,4.20460531380342e-5,klf17.L,Kruppel-like factor 17 L homeolog,klf17.1|neptune|zfp393|znf393,NCBI_Gene:398243|UniprotKB:Q90XS5|UniprotKB:Q6GR57,8.086002767072786,7.9795219029048035,7.938264364890993,8.766725972839213,9.000417035429516,9.34249906845702
583.6628569847952,409.61804710770633,276.42143420763597,1262.2165520035646,670.059022625247,1036.841829833138,XB-GENE-947588,706.4699571270146,1.246192205894788,0.2067566865858796,6.027336897649319,1.6668332109660332e-9,6.675333643276771e-7,nradd.S,neurotrophin receptor associated death domain S homeolog,nrdd,NCBI_Gene:432338|UniprotKB:Q68Y16,9.188993922782888,8.678138991364925,8.110730898144457,10.30174487497228,9.388146524845427,10.01798150397685
55.431667981796195,66.20089650225557,27.25281745709087,103.5059252881294,166.447782690348,103.26098223644314,XB-GENE-959949,87.01667869267719,1.374622967505212,0.3428971802700235,4.008848852074924,6.1015452611327315e-5,0.00570922160322064,nceh1.S,neutral cholesterol ester hydrolase 1 S homeolog,aadacl1|nceh,NCBI_Gene:100101305|UniprotKB:A5PKQ7,5.792664541290467,6.048800641756839,4.768386418012952,6.693583486432653,7.378934509258488,6.690165387497946
5985.533246583365,6087.724107519918,2402.141195860724,4616.086399594764,3984.7883702193567,1581.0779903088178,XB-GENE-975897,4109.558551681158,-0.5290093964688598,0.123556902091865,-4.281504209902733,1.856342109368532e-5,0.00218655261164679,ctbs.S,chitobiase S homeolog,Chito,NCBI_Gene:379420|UniprotKB:Q7SX80,12.547264307185593,12.571687499782845,11.230105839199036,12.172454824453162,11.960287752272809,10.626693730840396
0,0,3.1146077093818136,5.557365116141176,49.7920717449759,110.03219418637384,XB-GENE-976075,28.082706459478786,5.535658159562347,0.9529501570288303,5.808969250628785,6.2858631754789606e-9,2.247645075460548e-6,hira.S,histone cell cycle regulator S homeolog,dgcr1|tup1|tuple1,NCBI_Gene:394341|UniprotKB:A0A1L8HQE8|UniprotKB:Q8QFR2|UniprotKB:A0A8J0U916,-9.965784284662087,-9.965784284662087,1.6395135930407578,2.4746606049496496,5.637873113194476,6.781795003196368
15.216536308728369,17.929409469360884,9.34382312814544,34.73353197588235,68.28626982168123,104.10738373018448,XB-GENE-982668,41.602825738997126,2.2038995649253796,0.5350879772075586,4.118761136115931,3.809147399017361e-5,0.00387423171288934,eps8l3.S,EPS8-like 3 S homeolog,NA,NCBI_Gene:495088|UniprotKB:Q5XH20|UniprotKB:A0A8J0UH79,3.9276629029478656,4.164336529701071,3.224167357971259,5.118298753018073,6.093544749875561,6.701942441687206
64.12683158678384,41.37556031390973,35.03933673054541,130.59808022931762,108.11992721766195,110.03219418637384,XB-GENE-989271,81.54865504409872,1.3483465807180404,0.34178577993050857,3.945004912118299,7.979834278491521e-5,0.00700825445581202,hs3st3a1.L,heparan sulfate-glucosamine 3-sulfotransferase 3A1 L homeolog,NA,NCBI_Gene:100037135|UniprotKB:A0A1L8EUR6,6.002878719716523,5.370741811996232,5.1309447339004715,7.029000926220516,6.756501978999952,6.781795003196368
803.2157380107332,776.4813485577059,869.7542028448715,1329.5996040367763,947.4719937758272,1559.9179529652845,XB-GENE-996300,1047.7401400318663,0.6244565669798205,0.15742635841106198,3.9666582730020226,7.288737996134301e-5,0.00663407680157242,rcc2.L,regulator of chromosome condensation 2 L homeolog,TD-60|telophase disc 60 kDa protein,NCBI_Gene:734455|UniprotKB:Q52KW8,9.649645523298311,9.600809318588576,9.764465593796428,10.376777227298644,9.887941011896498,10.607255359139025
