ensembl_gene_id,min,lowerq,sd,mean,median,upperq,max,total,n_zero
ENSMUSG00000000290,0,0.597157663198139,2.8845631270414978,2.9269792772336896,1.9354529732490402,5.132956473542185,11.7593021610025,2335.7294632324842,182
ENSMUSG00000000303,0,0,1.215047817220717,0.61878430738997,0,0.97988855804257,9.47723348400867,493.78987729719614,463
ENSMUSG00000000555,0,1.99008171275139,2.7646566255186427,4.501697802933558,3.88794738427975,7.11090084390285,9.88918966169103,3592.354846740979,21
ENSMUSG00000000791,0,0,1.2337406459033131,0.38043190405319505,0,0,8.79767270097916,303.58465943444963,653
ENSMUSG00000001143,0,1.652742756763415,2.732717149305386,3.7374968206092243,2.884360592100185,6.111919129867772,10.2249227035573,2982.522462846161,65
ENSMUSG00000001281,0,0,2.970790692734388,2.373246884226293,1.07692439929593,3.46360564782711,9.94472917025811,1893.851013612582,263
ENSMUSG00000001507,0,0,0.3851624873001455,0.07519285737432829,0,0,7.89426756867669,60.00390018471398,740
ENSMUSG00000001946,0,0,1.6765791044600389,0.8969025235130428,0,1.24545328379294,10.1094376549492,715.7282137634081,429
ENSMUSG00000001986,0,0,2.8997294258787467,2.3453374911729874,1.128329244279135,3.2211668330430876,10.6201119072228,1871.579317956044,248
ENSMUSG00000002033,0,0,0.4956613246214069,0.25825790461170706,0,0.3028797775989628,2.44650733768699,206.08980788014225,596
ENSMUSG00000002103,0,0,2.8122463281117582,2.351876583600222,1.1534892134803,4.109603352437342,10.029496393527,1876.7975137129772,260
ENSMUSG00000002602,0,0,1.2712027993414172,0.3987426484669817,0,0,9.34361388167102,318.1966334766514,635
ENSMUSG00000002808,0,1.24388093302886,3.7497479111886935,4.595906965312299,2.896769996932245,8.613754805145993,11.0275212078535,3667.533758319214,95
ENSMUSG00000002897,0,4.1419358191696105,2.6885157955309227,6.149708809551347,6.902169048808275,8.246078437188375,10.8759374382377,4907.467630021975,12
ENSMUSG00000003379,0,0,0.8849019905606985,0.26987894956556924,0,0,11.3877673469615,215.36340175332424,672
ENSMUSG00000003420,0,0,1.4024579785116555,0.5343236671191965,0,0.4881446000910735,8.22035839674169,426.39028636111885,586
ENSMUSG00000003882,0,0,1.4061286324657416,0.44736860589024885,0,0,10.4062251077468,357.00014750041856,627
ENSMUSG00000004105,0,0,1.177468599111581,0.3149851973105983,0,0,8.953788650052,251.35818745385748,670
ENSMUSG00000004207,0,5.07726951742717,2.5086144416610163,6.632979173250334,7.38559760130927,8.493786695626106,11.5816138738685,5293.117380253767,8
ENSMUSG00000004317,0,0,1.5536391841603068,0.8228642119502709,0,1.065089569771625,8.71872690384203,656.6456411363162,458
ENSMUSG00000004609,0,0,1.5119613761602506,0.511830886865479,0,0,9.1138741128917,408.44104771865227,622
ENSMUSG00000004631,0,0,1.6206878117526902,0.8739941786362069,0,1.15047223848823,9.1178352165348,697.447354551693,423
ENSMUSG00000004707,0,0,2.229746721843505,1.2893851348940706,0,1.4507680590681222,9.18360853736932,1028.9293376454684,446
ENSMUSG00000004709,0,0,2.48989202088301,1.4439008532098312,0.39308482320598703,1.366721974808085,10.3033748894255,1152.2328808614452,394
ENSMUSG00000004730,0,0,0.6261250518345464,0.15571087795735403,0,0,7.37515245507963,124.25728060996852,701
ENSMUSG00000005087,0.80104301471262,7.015875380111476,2.364144216386645,7.712955095300783,8.496070942389055,9.32441254140207,11.0414914453475,6154.938166050025,0
ENSMUSG00000005339,0,0,0.9497817654340145,0.13736063610045893,0,0,11.7004827519556,109.61378760816622,763
ENSMUSG00000005465,0,0,2.6405434141754958,1.8413231898536409,0.759320505139062,2.1209630540254096,9.83625845997478,1469.3759055032053,349
ENSMUSG00000005540,0,0,0.4692250389303571,0.08858758149244118,0,0,6.28324751802265,70.69289003096806,745
ENSMUSG00000005672,1.38554217379082,8.036057050271967,1.6259294500658203,8.69359039972416,9.047018046953484,9.729970973380018,12.0508171365266,6937.48513897988,0
ENSMUSG00000006386,0,0,2.2613691062440378,1.0869913821204724,0,1.0725773757559376,10.7792473854239,867.419122932137,486
ENSMUSG00000007613,0,0,2.9996506151039926,2.7552297964987185,1.38645438720993,5.650425190863412,9.94774568413644,2198.6733776059773,267
ENSMUSG00000007891,1.7117591045203,8.234007876674882,1.7792058259486676,8.78816010602482,9.197801210995735,9.932800584649822,11.9269317467429,7012.951764607807,0
ENSMUSG00000009291,0,2.8682610702261426,3.077634314518882,6.021937529264133,7.31429062321957,8.576784986020808,11.554901248246,4805.506148352779,23
ENSMUSG00000009376,0,0,1.7137078141936555,0.6419017420994622,0,0.3028797775989628,9.32404975801506,512.2375901953708,596
ENSMUSG00000012428,0,0,0.3163063781651662,0.01642912490258054,0,0,8.66668390834525,13.110441672259272,792
ENSMUSG00000013236,0,2.223141153493975,2.864992412179293,4.901091861082999,5.408830885662891,7.322863096423058,10.7612754971337,3911.0713051442326,44
ENSMUSG00000014158,0,0,0.8518284764870196,0.3076800987996261,0,0,9.71257923946248,245.52871884210163,606
ENSMUSG00000014353,0,0,2.5735826869503517,2.003768281926412,0.956498431312918,2.4616478954090675,10.2915002962451,1599.0070889772767,263
ENSMUSG00000015189,0,1.87713442750541,2.9137070957043782,4.624808481938928,4.415576386673295,7.48376848033236,10.9747670776945,3690.597168587264,26
ENSMUSG00000015314,0,0,1.1868503855584187,0.42036906042921923,0,0.2678683272757355,9.43154785940353,335.45451022251694,595
ENSMUSG00000015316,0,0,2.1299368923555266,1.155639420105013,0,1.2493899338747074,10.3330214996622,922.2002572438005,414
ENSMUSG00000015355,0,3.221080944839315,3.2049839979423105,6.6807234989227124,8.006718374452355,9.23064285497637,11.2591418109323,5331.217352140325,17
ENSMUSG00000016494,0,3.2636563802547474,3.48528540520728,6.400951722706318,5.18441492495179,9.969170100075615,12.2555697482543,5107.959474719642,7
ENSMUSG00000016496,0,0,2.1684334041385727,1.2300228726557152,0,1.377812126886195,9.37506866377065,981.5582523792607,410
ENSMUSG00000016534,0.434868082055924,5.575679800508685,2.437667550667113,7.098454686948843,7.94382533878845,8.839121567168581,11.0430438974799,5664.566840185176,0
ENSMUSG00000017756,0,0,2.093983495145396,1.0698995853016104,0,1.0734543767043576,9.34773805954562,853.7798690706851,489
ENSMUSG00000018166,0,0,1.8764147999797192,0.8547291123643495,0,0.8495725342905522,10.9414314803861,682.0738316667508,522
ENSMUSG00000018341,0,0,2.052914617447012,0.9146289683860688,0,0.8046213476175847,9.80815510728903,729.8739167720829,546
ENSMUSG00000018500,0,0,0.4581473257270798,0.07916805023212431,0,0,7.21416481682846,63.1761040852352,750
ENSMUSG00000018507,0,1.0395744328651126,3.0164318746731933,3.4880762906779714,2.214682348688105,6.7229921339472805,9.9362543528078,2783.484879961021,114
ENSMUSG00000018900,0,0,2.5196108573492304,1.6096110566941113,0,1.7703054959848752,10.061167014972,1284.4696232419008,420
ENSMUSG00000019359,0,0,0.2441089538382184,0.04653686155936301,0,0,3.63257046491938,37.136415524371685,760
ENSMUSG00000019796,0,0,1.2329315059486832,0.34506111147828755,0,0,8.52797128483643,275.35876695967346,664
ENSMUSG00000020101,0,0,2.716490307699088,1.9240149640165842,0.7643148578670615,2.3283528614873275,9.89224141878122,1535.3639412852342,342
ENSMUSG00000020238,0,2.8769594081252876,2.9843703117695517,5.958035884247651,7.20016995695514,8.374802058144637,10.4619234593418,4754.512635629625,25
ENSMUSG00000020399,0,0,0.7261521364048668,0.24741441623833793,0,0,8.11802898878928,197.43670415819366,638
ENSMUSG00000020402,1.10903271151859,8.201952576932024,1.9097953671197863,8.680782051627789,9.136496086129295,9.898524114320946,11.8597935436699,6927.264077198975,0
ENSMUSG00000020689,0,0,1.599759453170766,0.5809297430893466,0,0,10.7268154520054,463.58193498529863,611
ENSMUSG00000020695,0,0,0.527874094884958,0.23391298424095994,0,0,6.4696208642216,186.66256142428603,618
ENSMUSG00000020701,0,0,0.3649330669123791,0.05049841394291662,0,0,7.90497416436478,40.29773432644746,767
ENSMUSG00000020717,0,1.1455875777554425,3.20294350028999,3.936326271612395,2.71140082547763,7.1158960193219105,10.3324204639843,3141.188364746691,107
ENSMUSG00000021427,1.64105527141978,8.735600425589015,1.6832988564578437,9.208426163564221,9.611839541149745,10.25947708057055,11.828395451702299,7348.324078524249,0
ENSMUSG00000021624,0,0,1.7661607531322592,0.766645629316069,0,0.6358541874590714,8.59531915324067,611.7832121942231,570
ENSMUSG00000021728,0,2.502271193982595,3.592756435759843,5.531774183003452,3.9919111122105297,9.390049323505488,12.1081116713129,4414.355798036755,15
ENSMUSG00000021733,0,0.4170799065955968,3.0285312433252187,3.214320660539424,1.922507469969735,6.148004009236943,9.91788575410486,2565.02788711046,195
ENSMUSG00000021756,0,0,2.279404222264177,1.726597282601799,1.037351823351725,1.90115842792193,10.0769327476229,1377.8246315162357,258
ENSMUSG00000021759,0,0,2.7725703294151054,1.777077002437094,0.5498509981606441,1.7396725187342477,9.93940877518327,1418.1074479448012,383
ENSMUSG00000021939,0,5.98053722306695,2.627257607694868,7.235076628260105,8.133275234256484,9.073445864378332,11.5360140977696,5773.591149351563,6
ENSMUSG00000022015,0,0,0.4741238017872508,0.22287007235050246,0,0,2.46537705991987,177.85031773570097,626
ENSMUSG00000022037,0,0,1.1881901211769257,0.4468257619331878,0,0.513165242911027,8.92048774371699,356.5669580226839,583
ENSMUSG00000022103,0,0,0.8520874758577628,0.8090217513913848,0.7939220814617415,1.3152342624169326,9.39602954239424,645.5993576103251,307
ENSMUSG00000022225,0,0,0.35116870409791806,0.04235651832574943,0,0,8.54143978157357,33.800501623948044,770
ENSMUSG00000022309,0,2.590684235392782,3.1894069724236425,5.7085262854148855,6.03760763627219,8.612952551082937,11.7246750278334,4555.403975761079,10
ENSMUSG00000022514,0,0,2.359403058044934,1.7886203417634172,0.935697218410587,2.1746309453081474,9.94603442251903,1427.319032727207,282
ENSMUSG00000022636,0,0,2.091561258998545,1.256645562214318,0.45085151243893096,1.399294143130285,9.5172006601712,1002.8031586470257,393
ENSMUSG00000022657,0,0,1.9365410834871248,0.857540974360202,0,0.9037233611694185,9.77275789600036,684.3176975394412,510
ENSMUSG00000022661,0,0,1.1299799858527588,0.3931411481984466,0,0,9.33912242630978,313.7266362623604,600
ENSMUSG00000022667,0,0,1.8240684403168246,0.796585475440297,0,0.8244248205614608,8.87591643306261,635.675209401357,540
ENSMUSG00000022687,0,0,0.4321715399987497,0.10786142817560138,0,0,5.92438662522995,86.0734196841299,726
ENSMUSG00000022797,0,3.0782409555134995,3.2233182243308445,6.194591559431175,6.534675231339345,9.150188852534862,12.3356619793806,4943.284064426078,8
ENSMUSG00000022816,0,0,1.0126731581591333,0.6475438958978954,0,1.11142846655599,8.20490912274881,516.7400289265206,418
ENSMUSG00000022883,0,0,0.7035267233230347,0.46411083272270204,0,0.8978408914603355,7.41987117289262,370.36044451271624,480
ENSMUSG00000022901,0,0,0.7571667916893405,0.2525368432569085,0,0,9.10804406206224,201.524400919013,653
ENSMUSG00000022967,0,1.2318118107831124,2.952574509090385,3.6078272819688513,2.32725458589293,6.777316390630872,9.89829857202172,2879.046171011143,82
ENSMUSG00000023088,0,1.2906706754534625,2.91853490618209,3.7909326697847447,2.782794221248645,6.589762487141227,9.90630578641734,3025.164270488226,86
ENSMUSG00000023132,0,0,0.2669821936826247,0.06309894957302488,0,0,3.02913122003494,50.35296175927385,747
ENSMUSG00000023175,1.3526254007999,8.377006003732674,1.5429043638972522,9.094737286654041,9.233453683476544,10.076688806652324,12.362879076406,7257.600354749925,0
ENSMUSG00000023274,0,0,0.9154051097385456,0.38610943339779796,0,0.6150295663876324,9.10232857911377,308.11532785144277,566
ENSMUSG00000023942,0,3.1482080087356676,2.947735285597573,6.2517610780067105,7.2674390903284145,8.582711951831273,10.8768082001049,4988.905340249355,8
ENSMUSG00000023960,0,0,2.5928334462621367,1.5639965793328328,0,1.5335014807619973,9.6941576401767,1248.0692703076006,410
ENSMUSG00000023961,0,0.4313444132103508,3.3613874564472175,3.4341697396232287,1.7776537765331502,7.2337671618356,10.1384300072807,2740.4674522193363,196
ENSMUSG00000023972,0,0,1.229005506652142,0.4955359363221008,0,0.6308852011322994,7.97099156677431,395.4376771850364,567
ENSMUSG00000024053,0,1.2161177000635202,3.416994958051179,4.537740639849,4.511053540555684,7.899048000140017,10.0744084972008,3621.1170305995024,103
ENSMUSG00000024109,0,1.6535187226659152,2.161436860054902,3.2803178602220973,2.5755942967435947,4.863496485196545,9.68233740614163,2617.693652457234,34
ENSMUSG00000024270,0,0.7861880046072542,3.104790655452838,3.294402856289895,1.904163439068995,6.53676642536709,10.2128366069444,2628.933479319336,146
ENSMUSG00000024413,0,0,2.5012829269950196,1.9203788726607904,0.8688711180340825,3.2564237334025776,10.3658447164958,1532.4623403833107,338
ENSMUSG00000024462,0,0,1.6942649189919508,0.8023283688664595,0,0.9906206987149977,9.76870741127792,640.2580383554347,491
ENSMUSG00000024614,0,1.3397695431233176,3.2181998313774254,4.424233966491045,4.5411698689653655,7.556871853742502,10.0071358412407,3530.5387052598535,95
ENSMUSG00000024620,0,0,2.6416993809466267,1.6323951250242763,0,1.701209230138125,10.2741731403244,1302.6513097693726,433
ENSMUSG00000024621,0,0.43935595066215843,2.6376837404341065,2.113491547418016,1.3071394734831299,2.2126010641435574,10.5228401563137,1686.566254839577,194
ENSMUSG00000024670,0,0,0.90292071058791,0.283185491931783,0,0,8.19836650877149,225.98202256156281,645
ENSMUSG00000024673,0,0,0.3472084610102644,0.10827320136957086,0,0,2.49683183384457,86.40201469291755,712
ENSMUSG00000024887,0,0,1.5917856980159053,0.6285193849397414,0,0.5965318380669893,9.40519808262919,501.5584691819136,576
ENSMUSG00000025008,0,0,2.7974359770821464,1.8487548199944497,0.2960934627013855,1.9688799482676451,9.56030084281944,1475.3063463555707,397
ENSMUSG00000025020,0,0,0.43261892746107616,0.08999780754774249,0,0,6.10093663325013,71.8182504230985,746
ENSMUSG00000025089,0,0,0.6264274976770143,0.16143479214476494,0,0,8.40251533726664,128.82496413152242,695
ENSMUSG00000025351,0,1.78065345755038,3.1909032245960476,4.897823054113357,5.40362664227176,7.760022761832042,11.7059130796855,3908.462797182459,42
ENSMUSG00000025780,0,0,2.731321047125107,2.29453854357968,1.322811343959445,2.552465160839695,10.1764386830231,1831.0417577765847,205
ENSMUSG00000025790,0,1.0171326106898624,3.1538371369804,3.5245507044882327,2.158681280167925,6.774714212172027,10.3486611324678,2812.5914621816096,119
ENSMUSG00000025809,0,5.802980511969755,2.4366352776383597,7.10499868783779,7.894689829721275,8.907226215349688,11.0349887780619,5669.788952894556,6
ENSMUSG00000025969,0,0,0.6754287222786794,0.3376790847797367,0,0.5907820964230618,5.88082021052094,269.4679096542299,574
ENSMUSG00000025986,0,0,3.071942607389562,3.026721024897318,1.63055236847944,6.167752333132928,9.53296176584625,2415.32337786806,216
ENSMUSG00000026012,0,0,0.9291331430235253,0.27009975237210265,0,0,9.86089470953253,215.53960239293792,651
ENSMUSG00000026072,0,0,2.230209268243203,1.2658890391202136,0,1.3608145397262477,9.41110578488974,1010.1794532179304,440
ENSMUSG00000026073,0,0,0.9185436842835613,0.3715647357083278,0,0,8.56366188200563,296.5086590952456,609
ENSMUSG00000026285,0,0,0.6896853722630818,0.07969236643921936,0,0,10.8067205079345,63.59450841849705,769
ENSMUSG00000026395,0,3.645830319252165,2.8451579988347366,6.236445652817931,7.036509935869205,8.603975614124668,11.1157569338167,4976.683630948709,12
ENSMUSG00000026566,0,0,1.5936320059319249,0.7127585447439702,0,0.8791444931462671,9.142199884725,568.7813187056882,518
ENSMUSG00000026576,0,0,0.9681566380679791,0.2912830126250747,0,0,8.7381535004528,232.44384407480965,651
ENSMUSG00000026581,0,1.9238885483449326,3.7398750144896993,5.110420085568627,3.5111977818686197,9.141321787108676,12.5638626781455,4078.1152282837647,37
ENSMUSG00000026656,0,0.40765479744876776,3.136359042691035,2.6980309307711354,1.319036605486995,3.9465208481277028,10.4104270800978,2153.028682755366,197
ENSMUSG00000026748,0,0.5622548756671938,1.5621003566610123,1.411424977820107,1.180633163360075,1.808560998514895,9.56113229259769,1126.3171323004453,187
ENSMUSG00000026770,0,0,0.3193981729543931,0.1017088518534013,0,0,2.15531220900598,81.16366377901424,713
ENSMUSG00000026814,0,4.8070996451463515,2.6228044954039573,6.69086436428566,7.66118967084586,8.719596962900653,11.3990310503931,5339.309762699957,4
ENSMUSG00000026836,0,0,1.3463792139036705,0.9467639385193797,0.7275376964002824,1.3454864975819274,8.77361032147754,755.517622938465,332
ENSMUSG00000026837,0,0,3.34119823649339,2.815302138884854,1.2471728096037649,6.242196536990128,10.7507105173179,2246.6111068301134,268
ENSMUSG00000026923,0,0,2.4017838299768854,1.8641707200471744,0.9944986438661549,2.29272313999903,9.48479604144523,1487.6082345976454,283
ENSMUSG00000027087,0,0,2.1205592927263712,1.7519927946440381,1.11405732337881,1.9720501986434749,10.1754803075115,1398.0902501259422,216
ENSMUSG00000027111,0,1.1369114984051276,3.0335210611602457,3.723517767669923,2.4742782844496203,6.772202583438093,10.5582071886568,2971.3671786005984,99
ENSMUSG00000027130,0,1.6171409014678977,2.917449731936622,4.350557020785101,4.57531633204691,7.073306537446737,10.1541758126724,3471.744502586511,91
ENSMUSG00000027312,0,0.8595085922666362,3.006588050928367,3.416585341968633,2.11835863379898,6.404856976638443,10.3513983489387,2726.435102890969,137
ENSMUSG00000027340,0,0,2.1866219908144204,1.7929910302140941,1.2143111424293,2.1548202385955877,9.59053337568082,1430.8068421108471,230
ENSMUSG00000027366,0,3.1874199177740574,2.877380671550955,5.992998023366554,6.8535541714591695,8.43160075457436,10.6538872058668,4782.41242264651,18
ENSMUSG00000027376,0,0,0.30279358267840445,0.0547922093594019,0,0,5.74705390938401,43.724183068802716,757
ENSMUSG00000027408,0,0,1.431020608512559,0.54428107951143,0,0.6256672137538337,9.16717539970847,434.33630145012114,568
ENSMUSG00000027435,0,2.026011743931455,3.4064259073442056,5.054419040119718,3.93462423313037,8.43266674754529,12.0180493375468,4033.426394015535,32
ENSMUSG00000027611,0,0,1.3139459139425105,0.6822513805610425,0,0.9365747336114842,8.66343476134202,544.4366016877119,474
ENSMUSG00000027642,1.77444528515721,8.579358213633387,1.794918949993737,9.074506070596323,9.5582030827207,10.226605558122776,11.7059910045083,7241.455844335866,0
ENSMUSG00000027750,0,0,0.3124071467548492,0.09919947321353537,0,0,2.21205659006677,79.16117962440121,713
ENSMUSG00000027863,0,0,0.3644381484476973,0.03035715048347793,0,0,9.62854254063248,24.225006085815387,780
ENSMUSG00000027962,0,0,1.1211854882217684,0.6751891201137029,0,1.05098556496716,9.58394818153277,538.8009178507349,420
ENSMUSG00000027995,0,0,1.758513682941714,0.7358070656226146,0,0.7573584690085507,9.07320645090086,587.1740383668464,562
ENSMUSG00000028019,0,0,0.4144272065229077,0.15970794844430075,0,0,2.87134446441837,127.44694285855199,674
ENSMUSG00000028184,0,0.864803121863712,2.9144455583660287,3.187125118940533,1.9740490235022952,5.88749723555102,10.0595963893952,2543.3258449145455,141
ENSMUSG00000028347,0,0,0.24322261757949729,0.06212090239177838,0,0,1.73437878202266,49.57248010863915,742
ENSMUSG00000028469,0,0,1.1335324751730336,0.35039384074383406,0,0,8.18844358051046,279.6142849135796,650
ENSMUSG00000028476,0,0,1.3569046770741502,0.5504523982995617,0,0.738889048935158,8.85612981706582,439.26101384305025,546
ENSMUSG00000028639,6.00753436338226,9.658683213513271,1.087020439958715,10.314158244151333,10.4568103600285,11.165667616053476,12.3186723689071,8230.698278832764,0
ENSMUSG00000028641,0,0,2.70875690568025,1.8052100538549065,0,2.0751245506042073,10.0635698216245,1440.5576229762155,406
ENSMUSG00000028645,0,0,2.5619506091390183,1.6040093760889946,0,1.623102311378225,9.46455528703473,1279.9994821190176,408
ENSMUSG00000028766,0,0,0.4970430788576272,0.1877534645974046,0,0,7.77962524834343,149.82726474872888,650
ENSMUSG00000028965,0,0,0.689550996899655,0.24230090053943318,0,0,8.77551916180502,193.35611863046768,636
ENSMUSG00000029070,0,0,0.8727121486652499,0.43983374220808524,0,0.8047150830525908,8.39011307316558,350.98732628205204,523
ENSMUSG00000029082,0,0,0.5319999936048566,0.11404114516224767,0,0,9.21014196657817,91.00483383947363,726
ENSMUSG00000029090,0,0,1.8225080847236514,0.8193048241037572,0,0.8007114061830896,9.20015810410844,653.8052496347982,535
ENSMUSG00000029093,0,0,0.6248090667367564,0.27848673092685,0,0,7.36984131331031,222.2324112796263,605
ENSMUSG00000029156,0,0,2.688837421974685,1.6922862323086851,0.4847460483867565,1.6851326748209625,9.58528191502589,1350.4444133823308,388
ENSMUSG00000029163,0,1.273978198571875,3.366975729234603,4.538251802862698,4.34234076255974,7.923020615037178,10.4703749771902,3621.5249386844325,89
ENSMUSG00000029338,0,0,2.074051381037131,1.3355021883104699,0.6488266913398855,1.5858757162176076,9.79340091517948,1065.730746271755,362
ENSMUSG00000029386,0,0,1.2769222448206181,0.5178634242020661,0,0.6740803108844597,8.6713249890688,413.25501251324874,559
ENSMUSG00000029767,0,3.725755700376015,2.915561786763832,6.409352567877249,7.6445830854576755,8.735051045202535,11.1663618206384,5114.663349166045,11
ENSMUSG00000030054,0,0,2.8112697163908673,1.8441440201313448,0.5678484907158394,1.981838127281685,10.2931729703493,1471.6269280648132,384
ENSMUSG00000030062,0,7.975886254078195,1.9570019237642071,8.560493939193062,9.102244121682396,9.888074906592632,11.8219306860139,6831.274163476063,2
ENSMUSG00000030077,0,0,0.4795358910295759,0.1859428022121862,0,0,5.49077456037726,148.38235616532458,662
ENSMUSG00000030084,0,0,1.6753166309208696,0.6123760515964696,0,0,8.56026562662731,488.67608917398275,649
ENSMUSG00000030117,0,0.88740667470469,3.51455682952856,3.99580178683018,2.222167134861345,7.71266957187095,10.1679058196636,3188.6498258904835,146
ENSMUSG00000030124,0,0,1.7847659977223087,0.8443840916857939,0,0.9883519203729649,10.5249250529532,673.8185051652636,485
ENSMUSG00000030336,0.845691721344845,5.2243111521982,2.327609411022046,7.181615548957785,7.047535689142141,9.255280668573628,11.8888784183384,5730.929208068313,0
ENSMUSG00000030577,0,0,0.5394100361929691,0.16816757022687961,0,0,7.65402100959026,134.19772104104993,675
ENSMUSG00000030605,0,0.8383536374934409,3.1414540806908895,3.326684084881136,1.85183129627913,6.86050285787351,9.70989196272026,2654.6938997351467,140
ENSMUSG00000030683,0,0,0.6167625671101493,0.2030136327232595,0,0,8.19411433433674,162.0048789131611,662
ENSMUSG00000030724,0,0,0.496483467611529,0.11560715392805761,0,0,10.1763938497407,92.25450883458997,721
ENSMUSG00000030745,0,0,2.6641736805753755,2.1165116567156703,1.14097604787752,2.524438112849875,10.9344181044916,1688.9763020591051,251
ENSMUSG00000030748,0,0,2.556209845421076,1.8638961657094053,0.9363959043374219,2.135984002413205,9.75166285063843,1487.3891402361055,299
ENSMUSG00000030754,0,3.0962209459155874,2.882439537290462,6.024700889958044,7.07820055663786,8.418136496286019,10.7410802286579,4807.711310186519,17
ENSMUSG00000030772,0,0,0.3865124984277464,0.057933779111177676,0,0,9.02429728269485,46.231155730719784,759
ENSMUSG00000030786,0,0.6849116623217173,1.9116643114942409,1.7831826132229014,1.4350177436023501,2.1252354749192626,9.71198483247428,1422.9797253518752,182
ENSMUSG00000030830,0,0.6780287447118493,3.2741797253659466,3.523706264213892,2.247692174707685,6.803436843121415,10.1864803851621,2811.9175988426855,176
ENSMUSG00000031021,0,2.9786219490571697,2.7720653664803834,5.478460683333199,6.08081956591472,7.992840056906568,10.5957169270482,4371.8116252998925,13
ENSMUSG00000031170,0,1.52372002946848,3.7357667915012533,4.518923562168589,3.086889923068065,8.728250201529569,11.760685372182,3606.101002610534,98
ENSMUSG00000031342,0,0,0.9124272733803959,0.3893635262930115,0,0.62799704277696,9.65665337310069,310.71209398182316,561
ENSMUSG00000031375,0,0,0.7421047258677649,0.22905282602707572,0,0,8.31896184721648,182.78415516960644,661
ENSMUSG00000031647,0,0,0.9751826180137046,0.2931285469450153,0,0,9.35086666208119,233.91658046212217,655
ENSMUSG00000031703,0,2.07880084946654,3.05925437795196,5.155967843885336,5.744125757836615,7.900332567555521,10.6318187122842,4114.462339420498,52
ENSMUSG00000031785,0.905444323247471,7.589917955005178,2.0525025015017357,8.689973352818539,9.02660881623737,10.278655458421774,12.48786585038,6934.598735549194,0
ENSMUSG00000031835,0,1.6930588353124074,3.0956724902331474,4.753071391223744,5.5599091673674295,7.591427132000499,10.2163991649928,3792.9509701965485,77
ENSMUSG00000031934,0,0,3.075345761077375,2.945381024838626,1.528471808200385,5.810509510125717,9.72680210819852,2350.4140578212237,216
ENSMUSG00000031990,0,0,0.9436483229426773,0.3358038179038722,0,0,8.27474144253322,267.97144668729004,614
ENSMUSG00000032193,0,1.3855619723390424,2.4891144732312056,3.0114404533007844,2.09684129030193,4.056704095078755,10.6201304411642,2403.129481734026,65
ENSMUSG00000032231,0,1.3502707355424775,3.3383176929427876,4.145113678266524,2.57994007026313,7.726687921523633,10.7568137534942,3307.800715256686,73
ENSMUSG00000032336,0,2.7932987654897072,3.0214053785002664,6.027659772739812,7.330602754469449,8.575702866575629,10.8960120845212,4810.072498646369,12
ENSMUSG00000032340,0,0,0.5350962606003403,0.18789243841850017,0,0,6.76602899233973,149.93816585796313,668
ENSMUSG00000032412,0,7.537933229850527,2.040423268458595,7.941422734954162,8.52695171987169,9.209972345099919,11.1163375710074,6337.255342493421,1
ENSMUSG00000032440,0,0,2.9519427468489194,2.486519589426834,1.18014023457847,4.802646782503542,9.76886309657577,1984.2426323626134,280
ENSMUSG00000032816,0,0,0.802185637968218,0.4354789796440892,0,0.8051785376127658,8.27191478974093,347.5122257559832,505
ENSMUSG00000032913,0,0,2.699363610507462,2.3476809138209083,1.234443530460175,4.3688289031549825,9.94153751716663,1873.4493692290848,254
ENSMUSG00000033777,0,0,0.3883719940000409,0.14626499498172799,0,0,3.24581268671778,116.71946599541894,681
ENSMUSG00000033880,0,7.412985165672325,2.4341020226885215,8.162657615271842,8.93870683060127,9.789154413911067,11.7201974995012,6513.80077698693,1
ENSMUSG00000034164,0,0,2.9306376847641307,2.6564942836035796,1.4392615450159,4.411382550478352,10.6223342883076,2119.8824383156566,212
ENSMUSG00000034220,0,0,2.170137762962935,1.2012141187204948,0,1.274374898611445,9.89018744613465,958.5688667389549,436
ENSMUSG00000034708,0,2.0734224874683624,3.1081738152621923,4.972490408576373,4.7751445656378895,7.93148482573485,10.7473107151861,3968.047346043946,28
ENSMUSG00000034881,0,0,1.967014449940699,0.9960816691499405,0,1.1329697417710327,10.2371091695637,794.8731719816525,446
ENSMUSG00000035000,0,0.43287577494061075,2.977400996603762,2.7641639643581204,1.5948960949405548,4.657513986629223,10.4259846036971,2205.80284355778,193
ENSMUSG00000035206,0,1.7589936142167426,3.4089019108760183,5.26333153194069,6.3725382527388845,8.39557764908437,10.5433896061379,4200.138562488671,64
ENSMUSG00000035498,0,0,0.8908074902980766,0.2788979279967211,0,0,8.96064443469411,222.56054654138342,648
ENSMUSG00000035914,0,0,0.7722078300264585,0.28873301722516576,0,0,9.056750450605,230.40894774568227,608
ENSMUSG00000036503,0,1.53825826848938,3.2014852359222306,4.318454333269478,3.100990238283205,7.489778399189523,10.7257829447836,3446.126557949043,68
ENSMUSG00000036594,0,0,1.2747703258384344,0.6245050381045733,0,0.9106951872228675,10.342083507425,498.3550204074495,510
ENSMUSG00000037206,0,0,0.6532424983974022,0.1723746612988541,0,0,7.86649092162616,137.55497971648555,701
ENSMUSG00000037344,0,0,2.2716466308510443,1.445934964609307,0.6530305792218074,1.5532334378912025,9.70196929340602,1153.856101758227,349
ENSMUSG00000037370,0,0,2.2668708532085184,1.1967747559150672,0,1.1575362338047874,9.28473947054348,955.0262552202236,479
ENSMUSG00000037405,0,0,2.4155347366460385,1.5590989099694805,0.6778187383033475,1.654945062550865,9.67513876090386,1244.1609301556455,347
ENSMUSG00000037440,0,0,0.6833509073480747,0.3469131087722615,0,0.659937429426882,8.75997690601493,276.83666080026467,552
ENSMUSG00000037649,0,3.7275556465283173,2.88160672808094,6.421947856748266,7.35723421119449,8.690251779616872,10.8824732509699,5124.714389685117,9
ENSMUSG00000037902,0,0,2.628201260571602,2.012029644803249,1.0249533202333398,2.226708115811075,9.78999132511473,1605.5996565529929,263
ENSMUSG00000037944,0,0,1.1221468213128467,0.41947936881163056,0,0.42791418107412027,9.98869835997136,334.7445363116812,592
ENSMUSG00000038147,0,1.28991470705693,3.1846772054446895,4.3449418135190525,4.3466742792422455,7.3905942956501525,10.4280102248307,3467.263567188204,82
ENSMUSG00000038213,0,0,2.8399633345663484,2.511701777667772,1.310779857417515,4.758085081148723,9.73924736924062,2004.3380185788822,239
ENSMUSG00000038235,0,0,1.4515478535800892,0.7892823289559903,0,1.087374521126705,9.19836156305093,629.8472985068803,441
ENSMUSG00000038280,0,0.9848244962808802,3.175570432288042,3.8013831140543584,2.3874254429449246,7.1030040597373745,9.86868646780887,3033.5037250153778,120
ENSMUSG00000038552,0,0,0.5618223362510331,0.23812810628826098,0,0,7.10266009024159,190.02622881803225,619
ENSMUSG00000038668,0,0,1.0253020701428526,0.6360548675932851,0,1.0576879584006025,8.95004944896387,507.5717843394415,422
ENSMUSG00000038963,0,0,2.5425118501995168,1.461725870664483,0,1.4512495426230974,9.80948377414005,1166.4572447902574,439
ENSMUSG00000039005,0,0,1.111707883384908,0.43433543324934704,0,0.47184276046160195,8.98971252160244,346.59967573297894,590
ENSMUSG00000039497,0,0,0.5817386558867423,0.2937986817535443,0,0.5406018534915995,8.37825377971202,234.45134803932837,573
ENSMUSG00000039646,0,0,0.9017588616211905,0.26080653477584326,0,0,8.62990817862385,208.12361475112294,672
ENSMUSG00000040118,0,0,0.575451862693097,0.2731831599706058,0,0,5.71405202106828,218.00016165654344,600
ENSMUSG00000040528,0,0,3.0515105456435525,2.569627841560939,1.30637915638175,3.76528489293103,10.3241033734385,2050.5630175656293,233
ENSMUSG00000040537,0,0.8811831617771447,1.4337677433268734,1.65001777120136,1.4636755070434,2.0963345246388747,8.79154968216038,1316.7141814186853,121
ENSMUSG00000040592,0,0,3.0511088134679785,2.717273005406508,1.36698417762487,5.093907159690515,11.3413656666642,2168.3838583143934,229
ENSMUSG00000040605,0,0,0.17628647736944264,0.031020484562270977,0,0,1.72192996265153,24.75434668069224,771
ENSMUSG00000040907,0,0,2.4640435157373446,1.663251182832212,0.751385990324902,1.7826571322490024,10.3162583953296,1327.274443900105,346
ENSMUSG00000041046,0,0,0.13248586090384268,0.015589151957845451,0,0,1.92649889165123,12.440143262360671,785
ENSMUSG00000041329,0,1.73764041815304,3.8571280916134354,5.232698705346371,3.499316531902865,9.329409369799734,11.2438038785377,4175.693566866404,60
ENSMUSG00000043110,0,0,0.9030960886078282,0.24821050443222278,0,0,8.48497312449004,198.0719825369138,676
ENSMUSG00000043557,0,1.4207546905621624,2.5984414707752035,3.2385280569257664,2.2139366385708,4.845353682754768,10.0629156251597,2584.3453894267614,58
ENSMUSG00000043895,0,0,2.36784795745914,1.259094148397703,0,1.1894273375311575,10.1971786985759,1004.757130421367,453
ENSMUSG00000044156,0,0,0.4770594664621522,0.12684603036603648,0,0,6.61872584701659,101.2231322320971,714
ENSMUSG00000044393,0,0,0.6581524034532888,0.49021521168926174,0,0.9574820386229133,2.86171024367771,391.1917389280309,463
ENSMUSG00000044827,0,0,0.8913511046836907,0.26843100154885957,0,0,8.79574397605074,214.20793923598993,652
ENSMUSG00000045092,0,0,2.3017738988479075,1.6144279778776347,0.8034910602726004,1.8954321514168926,10.3548365910286,1288.3135263463523,326
ENSMUSG00000045362,0,0,2.2297613591169414,1.1966775817741517,0,1.26556660265837,10.7156019161494,954.9487102557731,450
ENSMUSG00000045394,0,0,0.7502472808111391,0.3674280336863467,0,0.6455805868183362,8.16850860912582,293.20757088170467,566
ENSMUSG00000047139,1.45297156763017,7.317331149363787,2.843887540117766,8.75986800469018,9.345132178524189,10.827841319590075,14.0023261509481,6990.374667742763,0
ENSMUSG00000047953,0,0.8086341094922812,3.063283359410066,3.199091653364968,1.78501005993837,6.412059148675696,10.343071554775,2552.8751393852444,144
ENSMUSG00000048376,0,0.8878541927249479,3.453461997317826,3.5314631798727163,2.007139408421085,6.637667203831046,11.8214846443659,2818.107617538428,138
ENSMUSG00000048534,0,0,0.7140356789105423,0.2276171941425036,0,0,8.10041158905644,181.63852092571787,652
ENSMUSG00000049313,0,0,2.2850838354651257,1.4551511556971393,0.6245757088389625,1.5650283076351925,9.70021677359625,1161.2106222463171,365
ENSMUSG00000049488,0,0,1.842440145020474,0.9840208894079232,0,1.1183195370584524,9.01941983573064,785.2486697475226,463
ENSMUSG00000050377,0,0,2.1777000038062004,1.124818527658902,0,1.050531974684795,10.0924467595039,897.6051850718038,488
ENSMUSG00000050921,0,0,0.8215264186303085,0.20101673876698822,0,0,8.59165845195085,160.4113575360566,696
ENSMUSG00000050947,0,0,1.8784742411254483,0.8257763070978734,0,0.8678110358914415,9.92339490896498,658.969493064103,548
ENSMUSG00000051498,0,0,1.317906636313405,0.4446668398580565,0,0,9.30079175870933,354.8441382067291,614
ENSMUSG00000052013,0,0,1.2141592100083463,0.3756781445460209,0,0,9.01641171099354,299.79115934772466,646
ENSMUSG00000052155,0,0,1.8016519299955138,1.1420323859563128,0.6781357378002311,1.3692549532139324,9.872930967155,911.3418439931378,358
ENSMUSG00000052593,0,2.284038736629192,2.9066804242014865,5.200257784005243,5.88870818177332,7.759363544643023,11.2992129274856,4149.805711636184,22
ENSMUSG00000053062,0,0,0.7517298069061146,0.2820493093414307,0,0,8.34447626816595,225.07534885446168,616
ENSMUSG00000053063,0,0.9944958782746374,3.734894038712586,3.775837002390435,2.2666981418204797,7.48059596493651,12.2815373094665,3013.1179279075673,138
ENSMUSG00000054252,0,0,0.9433144540782061,0.5117680597026573,0,0.9229246091503642,8.41448452136994,408.3909116427205,511
ENSMUSG00000054641,0,0,1.5946462580755962,0.8908159859593909,0,1.2592071379061676,10.7678599075239,710.871156795594,427
ENSMUSG00000055022,0,0,0.8678688884920889,1.0615056272053094,1.08669374049372,1.6723771102403175,4.32271823547792,847.0814905098368,232
ENSMUSG00000055541,0,0,2.5972005819599238,1.7078968546498454,0.5989770717895679,1.8177880106412474,9.65807914496482,1362.9016900105767,371
ENSMUSG00000055912,0,0,1.1090302631934124,0.24128786673013491,0,0,9.27826480978108,192.54771765064766,722
ENSMUSG00000056004,0,0,0.8707715509977242,0.2416758301073042,0,0,8.03283873390944,192.85731242562875,679
ENSMUSG00000057191,0,0,1.508678397771811,0.5073015615937804,0,0,8.89405270075006,404.82664615183677,641
ENSMUSG00000057530,0,0.9806389818845088,2.47063277965527,2.5835833395109833,1.72604241060497,3.38799725630601,9.47751098472553,2061.6995049297648,107
ENSMUSG00000059588,0,0.7014985678893209,2.798605558871814,2.8334576511037053,1.6990697652910551,4.730425330273943,10.2444529382124,2261.0992055807565,161
ENSMUSG00000062585,0,0,3.0230261660462596,2.315657009424185,0.9036962028227145,4.178245354057659,9.57031100436001,1847.8942935204996,330
ENSMUSG00000062593,0,0,0.6641528648508608,0.09870171110951378,0,0,7.78003995460771,78.76396546539199,762
ENSMUSG00000063354,0,0,1.248448540270548,0.3563752349704905,0,0,8.74595593624852,284.3874375064514,674
ENSMUSG00000064210,0,0.7506113573243203,2.8014022882389717,2.8256050744449897,1.58875978179694,5.192893933845985,9.39876564144931,2254.832849407102,144
ENSMUSG00000067336,0,0.84512966932926,2.406924358805693,2.4140609679875267,1.59251963259391,3.0402810122908748,9.43245624253566,1926.4206524540461,145
ENSMUSG00000067586,0,0,1.908541771483464,0.9059948713786259,0,1.00210706633341,9.61254271010539,722.9839073601435,481
ENSMUSG00000068747,0,0,3.0429189035331756,2.655979187556932,1.286114964303255,5.2987436608194125,10.2789624585071,2119.471391670432,265
ENSMUSG00000074272,0,0,2.2299055015982208,1.1944801704928028,0,1.189648689173135,10.1754197089288,953.1951760532565,475
ENSMUSG00000074743,0,0,1.6034155589809587,0.5504859368564415,0,0,9.46669085596166,439.2877776114404,628
ENSMUSG00000074785,0,1.5910101266522476,3.3123578582300808,4.833729334426193,5.289542315180125,7.873051923088288,11.1046206401331,3857.3160088721024,68
ENSMUSG00000079037,0,0,2.575439611378018,1.4884771853367695,0,1.3672820090482374,9.88693282697016,1187.8047938987422,471
ENSMUSG00000086564,0,0,0.6017855077995956,0.14117167314989118,0,0,5.38955072005999,112.65499517361317,732
