cell,min,lowerq,mean,median,sd,upperq,max,n_zero
Prog_001,0,0,2.3553056300477806,1.07987769573099,2.8211009768640625,4.336881747450208,10.3600100251982,113
Prog_002,0,0,1.7126655226475584,0.785954237174458,2.7395195999072675,1.66570983238969,10.7165345143925,122
Prog_003,0,0,2.2199960710041347,1.04992416733314,3.1568884610694083,2.723403649998228,11.3401223091627,134
Prog_004,0,0,1.975344601403148,0,3.116233598357639,2.04893571740125,10.9709915168603,141
Prog_006,0,0,2.021785945502919,0,3.4562214134228433,1.50124111506241,13.6085113865661,150
Prog_007,0,0,2.1447057998759513,0.700817311974213,2.7307547231747886,4.00092021188662,10.3219223117253,104
Prog_008,0,0,2.009299564851011,0,3.34346136592013,1.82267249954028,12.8327460093002,142
Prog_009,0,0,1.928600184045521,0.656949357779582,3.1603496412228806,1.518147429551555,11.8690596064725,135
Prog_010,0,0,2.651603791221206,0,3.556574437693741,6.086605360746855,11.9380654913037,144
Prog_011,0,0,2.0186224470169036,1.1307035381477,2.951390770283114,2.52572306388412,11.3118067427729,136
Prog_012,0,0,2.302441478492112,0,3.1752611723971307,3.58804012632729,10.6658008731434,153
Prog_013,0,0,2.430247056907569,0.728584942181878,3.498266068242554,4.400245072288739,12.2555697482543,129
Prog_014,0,0,2.0317362831707175,0,3.0693546165946093,2.43912379771356,11.3575034716459,145
Prog_015,0,0,2.5954910776289,0,3.700801879333803,6.3170630759542545,11.8905315708288,151
Prog_016,0,0,2.2597704728668915,0,3.2550277232499183,2.93836070320712,11.5889084878083,155
Prog_017,0,0,2.656777085585197,0.685229526024886,3.325638182861424,6.0185255895679,10.5896109414381,118
Prog_018,0,0,2.136629723957675,0,3.2392066334688305,2.615851661395025,12.5376424405878,148
Prog_019,0,0,2.686473007260785,0.790893274805737,3.691249356574643,6.267018018083958,11.9308693460648,133
Prog_020,0,0,2.0911909974524447,0,3.345153343633485,2.00443174905194,11.128731330424,160
Prog_021,0,0,1.5636944410388622,0,2.8436205126235783,1.08422088831292,11.3566382591661,163
Prog_022,0,0,1.8210153066053523,0,3.026386507098857,2.08871864432477,12.1882201837951,179
Prog_023,0,0,1.9555576646941235,0.757735200196796,3.1064045714147572,1.61941423383547,10.9624899844716,130
Prog_024,0,0,2.26827463720748,0,3.255101237867546,2.9756246883994,10.6609587964273,152
Prog_025,0,0,2.4202973536799384,1.62354026331941,3.0204106838852276,3.75358466689965,10.6395917952053,127
Prog_026,0,0,1.828886683824831,0,2.9422994936420785,1.83372533812241,11.6094733851922,143
Prog_027,0,0,1.9562211644714689,0,3.25795797489367,1.4863135550870226,11.1868181101875,149
Prog_028,0,0,2.0045930859151944,0.695852735899821,3.110055043581206,1.79882459950586,10.9350470850117,129
Prog_029,0,0,1.8400424011594938,0,2.9365333155644,2.22363168459241,13.0213027188956,145
Prog_030,0,0,2.2734072324199404,1.42510114179121,3.1935570922701193,2.59836515100639,11.2344230154564,135
Prog_031,0,0,2.160839132104771,0.841320129882563,3.1680356784189856,2.05892443546721,11.614386040148,118
Prog_032,0,0,2.1991314443404635,0,3.3400029366138204,3.154777866909005,12.375579512213,160
Prog_033,0,0,1.9925873829143146,0,3.20784633111853,1.38286985847122,11.4990262910213,143
Prog_035,0,0,2.0280494945548297,0.457254607308513,3.254627132175352,1.69490703076357,12.0862047725543,119
Prog_036,0,0,2.104225022678607,0,3.175953093391607,3.05448920275074,10.994291695604,162
Prog_037,0,0,2.2032153046775793,1.04227271102269,3.0980637369392645,3.154175099233897,9.91297570259609,137
Prog_038,0,0,2.2880298462200375,0,3.318318011318773,4.433540617737725,11.6334261316945,146
Prog_039,0,0,2.0450500922965498,0,3.3973212597231663,1.83638148794655,12.146947722579,155
Prog_040,0,0,2.356338720090689,0,3.4906089751703067,2.998342178815935,11.1560494377179,153
Prog_042,0,0,1.8836621040747703,0,3.0038335677254224,2.22871824881452,10.8375003216369,166
Prog_043,0,0,2.0834288184098098,0.851594650858188,3.214762218202897,1.77124462737108,11.2523239160821,131
Prog_044,0,0,2.5253097211495903,1.13904083085138,3.5549141654692984,5.06450907792075,11.4981715635758,137
Prog_045,0,0,1.7317701180034055,0.685495275157947,2.941004988242503,1.14828856705324,10.3792264512054,131
Prog_046,0,0,1.8657190533769368,0,2.9843558645631836,2.17873484533707,11.704800646356,151
Prog_047,0,0,2.3451841744071538,1.16502961439677,3.143647530486541,3.60660847987769,10.8922363689955,130
Prog_048,0,0,2.3119189382097036,0.885936987426144,3.4205605438755096,2.83565382214754,11.7246750278334,136
Prog_049,0,0,1.7021187754105245,0,3.0161855707901717,1.45084171507127,12.2695213528358,142
Prog_050,0,0,2.3169741241013906,0.838682474769613,3.2450261922531176,5.084501070852977,11.020763396932,133
Prog_051,0,0,1.9820099477458202,0,3.20368959584493,2.09811646858332,12.7304475383522,145
Prog_052,0,0,2.3653784765107204,1.61785095890191,3.050839758204697,3.50409603768141,10.5277915607463,133
Prog_053,0,0,2.261859940810662,0.922441910454435,3.238389467034668,2.507893227413665,12.1691840138267,124
Prog_055,0,0,2.2715422591533,0,3.2647348627687323,3.91372354618154,11.4889638435961,141
Prog_056,0,0,1.8523192751943705,0,2.984050292395298,1.9579369265878426,11.6498941063773,157
Prog_057,0,0,2.459334255194472,0.596709732185575,3.426335333796858,5.654957811067344,10.7547546968383,136
Prog_058,0,0,2.025547138081832,0,3.1109735737273194,2.61249829645542,11.7013014446309,155
Prog_059,0,0,2.1674256655218405,1.02588429929711,3.0522760951332177,2.6837483437970597,11.0701836923014,125
Prog_060,0,0,1.9332252519567303,0,3.086439308996749,1.77696133936707,10.5363759380597,151
Prog_061,0,0,1.7765379607038223,0,3.3012774830007525,1.33943218131539,14.0023261509481,160
Prog_062,0,0,1.890096704160295,0,2.941548661394167,1.89534941323497,10.7921058739868,147
Prog_063,0,0,2.1902129246804987,0,3.0583397640589465,3.18719486444459,11.0995565347504,149
Prog_064,0,0,2.058299930422309,0,3.3404674381460344,2.01155680447525,11.8271603887348,156
Prog_065,0,0,2.640633331754677,0.757000433733479,3.7673921060368354,6.14533069526438,11.872795979502,139
Prog_066,0,0,2.2705616147407097,0,3.388494948540291,3.3972894127172326,10.6659528573314,154
Prog_067,0,0,1.8498391655002815,0,2.9334314415062757,2.18130310122792,11.5349807581468,151
Prog_068,0,0,2.4551024697515405,0,3.551741817005213,3.8964496673459825,12.0180493375468,143
Prog_069,0,0,2.2733188704541325,0,3.342730960808599,4.1338001770771875,11.0524732330851,148
Prog_070,0,0,2.485831049384695,0,3.5301791781312306,3.3683008102764274,11.4539818373127,147
Prog_071,0,0,2.4231937587540906,1.02837238399757,3.354474308202037,3.51060978880385,11.3212040807377,130
Prog_072,0,0,2.0787643433406506,0,2.9488099101230794,2.66932349329607,11.4136907485632,142
Prog_073,0,0,2.025762082820252,0.973991590813686,3.140696220534347,2.2800865651343,11.3837159781589,139
Prog_074,0,0,2.194626010204426,0,3.2422525434329805,2.66876691577748,11.4521870014572,150
Prog_075,0,0,2.5387170450171253,0.828458784595415,3.42147532935735,5.04437354579121,10.7817576980122,131
Prog_076,0,0,2.220582264242434,0,3.3608510953559843,2.87667116361555,12.197203156777,145
Prog_077,0,0,2.298608351305805,1.06813071317802,3.0644038723618845,3.327265168848982,10.4972266725547,124
Prog_078,0,0,2.092549508916164,0,3.3854629535320555,1.8910499750281726,12.4603987930351,145
Prog_079,0,0,2.203475023979756,0.56833146477703,3.53495025035889,1.77147922515254,12.8198920253224,132
Prog_080,0,0,2.3451703257759466,1.46843815404442,3.055872210190092,4.35328355658618,11.4801994863418,137
Prog_081,0,0,2.078354815191014,0.663083011151877,3.169917940508841,2.34603209968848,11.6111912058507,126
Prog_082,0,0,1.9523519736674155,0,3.377399227034909,1.30353049780848,13.1304984639474,142
Prog_083,0,0,2.6773810052023586,0.882304524977248,3.5451046403344133,5.162909676589577,11.3980876115306,118
Prog_084,0,0,1.8671604114682245,1.08860373333902,2.8835723563527362,2.13094515935833,11.3966161564824,138
Prog_085,0,0,1.8784659487300868,0.649111800664033,2.927833279981005,1.7682689275306551,10.0813844094409,133
Prog_087,0,0,2.5718779759641337,0,3.5293526752993767,6.116650431879163,11.2923885791035,145
Prog_088,0,0,2.413864240627245,0,3.3637304994788835,3.6600964181184876,11.1537617942181,160
Prog_089,0,0,2.410762262175838,0,3.4124489593536187,4.225413036597132,11.8144712754329,150
Prog_090,0,0,1.9687346172863975,0,3.3808838915067754,1.3769484888552,13.7548834543696,157
Prog_091,0,0,2.039648690714084,0.430508748455283,3.367784132495793,1.4965207101604898,12.6723901730682,127
Prog_092,0,0,2.045341904961678,0,3.0934484973251926,2.946416504119475,10.5875972394451,152
Prog_093,0,0,1.8069810509608353,0.925199725445134,2.901860142533496,1.88629312645042,10.5878698581613,139
Prog_094,0,0,1.8227070024871073,0,3.0915473011633487,2.30513360280516,12.1944124936725,173
Prog_095,0,0,2.0590116375006398,0.750903735400286,3.1735183421258455,2.14216290017935,11.709219279063,135
Prog_096,0,0,2.611776403272447,1.51595364402615,3.5148993538152533,4.85290628986313,11.5204946794689,139
Prog_097,0,0,2.6723096884525126,0.995731202158865,3.4344013634736577,6.008104521995574,11.1966356942911,128
Prog_098,0,0,2.2886959042645034,0.387854394834244,3.4947548734519587,3.02153472998141,11.897868847782,140
Prog_099,0,0,1.764295813136824,0,2.9901512716368965,1.74319326479445,10.2324805829587,151
Prog_100,0,0,1.956008629548114,0,3.234762583968006,1.4544480191593074,12.0258425111127,141
Prog_101,0,0,2.3485855363914183,0,3.3859132061189134,5.299672696058222,11.1234862802068,143
Prog_102,0,0,2.224652346097884,0,3.379846277579056,3.0006109352522,12.1295516142599,157
Prog_103,0,0,2.3326935393792483,0,3.4488541150803877,2.91970331603746,10.7365763879248,144
Prog_105,0,0,2.5133886283959495,0,3.624700904088451,5.674745585830255,11.2710110619268,151
Prog_106,0,0,2.120627589812389,0,3.1969639815735316,2.89739631274653,11.0322429192188,156
Prog_107,0,0,2.2902695148743555,0,3.601972333390265,2.46134639020899,12.2960637973037,152
Prog_108,0,0,2.4475527391825174,0,3.607624145833275,4.610471319486172,11.7100622262298,160
Prog_109,0,0,2.1561948599455936,0,3.1265532154523186,2.9545085491701952,12.2815373094665,149
Prog_110,0,0,1.8507028319637528,0,3.1577700839853122,1.49994001097354,12.3211443935855,151
Prog_111,0,0,2.111117468197005,0,3.1538759902320317,2.4948566915782,11.7700247687012,151
Prog_112,0,0,2.102511552712208,0.662891762329782,3.224708414268298,3.2184710007220723,11.7740735333552,138
Prog_113,0,0,1.9376102675857831,0,3.0868423792136883,2.50834692358869,11.1549341194753,163
Prog_114,0,0,2.2359290871643798,0,3.188762650454542,4.30788710518828,10.4107926214423,169
Prog_115,0,0,2.299616785174118,1.23181671552149,3.2536729261191235,2.95291644163373,11.1125010983982,138
Prog_116,0,0,2.03286117231163,0.876267386101118,3.0127983997670844,2.58825761538205,11.2233218051605,127
Prog_117,0,0,2.2098021466800897,0.736590339430434,3.0980443443620524,3.660651451352495,10.3562478153561,118
Prog_118,0,0,2.291250776724773,0,3.383141876982444,3.28276941440813,11.1530453662707,163
Prog_119,0,0,1.986312801629061,0.555669996218001,3.33898977639404,1.52577038828125,12.9982461175447,132
Prog_120,0,0,2.0727090170920976,0,3.1668820691753643,2.33715422703891,11.9609063674116,150
Prog_122,0,0,1.9173537095066904,0.958288192401506,3.0611000078956083,1.93697114857177,11.1668525743676,137
Prog_123,0,0,2.6274493619034995,0.972352954238804,3.4617912225353953,6.247394036048018,10.9824259312271,132
Prog_124,0,0,2.4266595919359246,1.21604813322246,3.184157291904245,5.18402638152879,10.6503672286789,137
Prog_125,0,0,1.8696000268039663,0,2.9843484754380794,1.88658253900374,10.8312031451759,150
Prog_126,0,0,1.97924666616376,0.924452289606888,3.112831067844127,1.88514116456328,10.6497581013313,139
Prog_127,0,0,2.1670961380487586,0.930645540184221,3.1488883057140016,2.46744736451981,11.3471861222766,123
Prog_128,0,0,2.642632914909275,0.928185582322846,3.398687381260163,5.496283024598849,11.3966586818366,117
Prog_129,0,0,2.3766936355430346,0.415724157623795,3.4373840281700176,4.884686466665535,11.5042492216281,113
Prog_130,0,0,2.5908770858412775,0.772891116022222,3.476297815074885,5.57814091032788,10.990269286156,122
Prog_131,0,0,1.948624464336993,1.02430157441281,2.8569937858373335,2.42677255355486,11.4177800019142,125
Prog_132,0,0,2.1636730212593034,0.726065126392962,3.4127193321785096,2.09444115082341,11.111516820835,134
Prog_133,0,0,2.169349102998196,0.80104301471262,3.118829362741023,2.63145875994165,11.8585809665244,122
Prog_134,0,0,1.992632789556507,0,2.634482890551523,3.25570170091931,10.8361563152769,142
Prog_135,0,0,2.047276159469385,0.924462489295869,3.015039025845787,2.19909370390774,11.1990623453545,126
Prog_136,0,0,2.237787736792299,0.617995486671163,3.135956602711955,3.761148648494905,10.6345536890526,113
Prog_137,0,0,1.8713446164587404,0.739464297758342,2.8988222508335086,1.87900900131367,10.8192146741589,125
Prog_138,0,0,2.2866810096152816,1.56360011624742,2.9287337995085965,3.43022199386031,10.1514999680685,129
Prog_139,0,0,2.2692757002374893,0.857883489575359,3.401007471101034,2.55440835748557,11.9458435169342,128
Prog_140,0,0,2.1441452600425386,0.440913194751085,3.4148149005985378,1.9804371023037375,11.6368820325319,124
Prog_141,0,0,2.0558923689533555,0.697053233541168,3.116207183605756,2.45872020728936,10.7605049433603,131
Prog_142,0,0,2.5823740319080914,1.31416125286382,3.3714197015333567,4.39445818094826,11.00419460777,131
Prog_143,0,0,2.262344761655088,0.589543073797151,3.162014497581925,3.65646341660844,11.0336299094418,109
Prog_144,0,0,2.508581250461639,0.825712122824744,3.409917386181608,4.762322761407657,11.1604245460988,124
Prog_145,0,0,2.3240001646075945,0,3.429970478959264,3.92867935866383,11.6556111642897,149
Prog_146,0,0,2.8088010267404706,0.461094478320467,3.6658206649495995,6.310646448357235,11.5016284762808,137
Prog_149,0,0,2.183431743749989,0,3.1748417513695126,2.9927353570421698,10.5829280778409,149
Prog_151,0,0,2.316771798457834,1.13519081969967,3.2939292967592126,2.80371900639541,11.1572688936787,135
Prog_152,0,0,2.25924948181185,0,3.158930068645017,3.37741740016052,11.2207393903335,146
Prog_153,0,0,1.5332324066189593,0.786015473193884,2.6574611920416795,1.2919636958719,10.3921698736179,136
Prog_154,0,0,1.9512283604791254,0,3.086018759455697,2.2180691028352,11.1214890141332,145
Prog_155,0,0,2.3376398683813546,0,3.3860527265473865,3.625746845544405,11.2785805900016,142
Prog_156,0,0,2.615241448660282,1.43101696441848,3.205907962212174,5.54849561290852,10.0422667790934,130
Prog_157,0,0,1.9615715520609431,0.925806051444869,2.9417121653450358,2.45909760461905,11.4165477243572,123
Prog_158,0,0,2.025746712257009,0,3.390943909316361,1.85219231255083,12.8301770608143,144
Prog_159,0,0,2.221812874040359,1.18837362042926,3.211979180291275,2.6810378003731277,12.0018781269071,136
Prog_160,0,0,1.9772440131455775,0,2.716290802414823,3.13527534302396,10.9747670776945,145
Prog_161,0,0,2.1287724740747964,0.998142802198423,2.9629270756426775,2.85231435014163,10.0033140941095,129
Prog_162,0,0,2.640243881366892,0.681983744303722,3.5671343144793566,6.596743693699548,11.5456799747286,122
Prog_163,0,0,1.9503042817075271,0.383012300983951,3.1721165582351514,1.64544019728136,11.4506840103527,110
Prog_165,0,0,2.0057047810361177,0,3.0148276283957536,2.74976574614727,10.7148034840757,158
Prog_166,0,0,2.0392307068276145,0,3.2061752984094993,2.03100040663293,11.8862745166008,144
Prog_167,0,0,2.5370962607590966,0.6405152700144,3.5926680602035925,5.130962097146457,11.6804556553389,122
Prog_168,0,0,2.067357691275007,0,3.008437361051543,3.39306994743815,10.4197378388506,166
Prog_170,0,0,2.363368579844749,0.703542335634644,3.369430564389658,5.18642446945948,11.7229936606309,135
Prog_171,0,0,2.1230259330043584,1.29052926825179,3.0206750235396496,2.5029044444198276,10.556957269101,133
Prog_172,0,0,2.076207805212584,1.25520936037783,3.0753992836226245,2.36766560745245,12.375009931462,139
Prog_173,0,0,2.5189862803229843,1.42144046239916,3.129716911406695,4.045348342237912,11.0921536493064,122
Prog_176,0,0,2.2906294790985675,0.631368698325155,3.304070245868706,2.92379697449639,11.1157569338167,122
Prog_177,0,0,2.2289885019943116,0.898525358451404,3.210169666552102,2.41164259320795,11.7624058393285,127
Prog_178,0,0,2.1085888889269513,0.926186635474262,3.304651629822394,1.88781367587912,13.3562004781921,131
Prog_179,0,0,2.5319951213323844,0.51425737069941,3.583856052270906,4.865269325155095,11.858059494735,97
Prog_180,0,0,2.199154570220492,0.775780670369996,2.959273582788518,2.74349990583725,9.52476911358954,109
Prog_182,0,0,2.502317379518635,1.69285232485356,3.0759437247386674,4.05577418868179,11.7004827519556,129
Prog_183,0,0,2.439613541017406,0.654424842600561,3.1871842716657666,5.05684017499243,10.4756494050988,120
Prog_184,0,0,2.4419725632231324,0.630403513771461,3.5213061999013564,4.727118197429768,11.6564962049866,129
Prog_185,0,0,2.244153134324581,0.297838829777626,3.363316877722034,3.2240599442671876,11.8238093196156,100
Prog_186,0,0,2.59876674286568,0.71806735727939,3.4206153284618446,5.471636992811335,11.1369715796116,119
Prog_187,0,0,2.0121588995071376,0,3.100062211097103,2.1825597290759,11.1640582021319,144
Prog_188,0,0,1.949418917798854,0,3.243815977593332,1.93887340711873,13.0966602253508,162
Prog_189,0,0,1.8469362304183872,0,3.105198630132937,1.7117591045203,11.2720814771715,141
Prog_190,0,0,2.693715314335022,0,3.5854692436031126,6.53998976856384,11.4662825523563,141
Prog_191,0,0,2.016534899922796,0.925441967055643,3.0220000212572304,2.20071273826251,10.5325427707226,126
Prog_193,0,0,2.476679716321244,1.72787229118428,3.2773704400432377,3.711929496443673,11.2475248293905,139
Prog_194,0,0,2.1311766477165897,0,2.863627313886452,3.20446529538607,10.3944891920095,145
Prog_195,0,0,2.286725598119793,1.52313986225027,3.2030423757810387,2.72737091193941,11.1713116386647,139
Prog_196,0,0,2.0820383260224786,0.510774155700055,3.40593492397724,1.64342805315442,12.856865520185501,121
Prog_197,0,0,2.874226367686446,0.798216646354766,3.6620461783237466,6.755590215798472,11.548805199941,107
Prog_199,0,0,2.297446295377028,0.882593184069532,3.267197199331647,2.4846644971372402,11.3099357554365,119
Prog_200,0,0,2.277351329679493,1.59618415715254,2.869608635015582,3.18486789682154,10.1447793162572,123
Prog_201,0,0,2.3421621009084146,1.37308841512964,3.101290143464816,3.16208491932651,10.4384731450682,130
Prog_203,0,0,2.687208135410672,0.474787125314631,3.5578528039241983,6.2416117767069395,11.5405146569038,99
Prog_204,0,0,2.3746257434326665,0.562211003828312,3.383200415424196,3.60084465261697,11.4119597409184,110
Prog_205,0,0,2.629066904833543,1.24996482576687,3.229714672446473,5.319551267474408,11.1614151773306,121
Prog_206,0,0,2.2085890691974606,0.772985398830161,2.999864921651422,2.57570328466887,10.3119452614095,102
Prog_207,0,0,2.124323647176739,1.34791380124686,3.072119310307214,2.49475181782212,11.4526935925702,139
Prog_208,0,0,1.643233824476706,0.758374547274845,2.565789496059967,1.91316122110794,10.26112865132,120
Prog_209,0,0,2.3847161135962334,0.655310417650719,3.4967805590981267,2.67349948141032,12.0563380334186,95
Prog_210,0,0,2.3802320740597094,0.325249856628807,3.491592730803592,4.861308617702205,11.0414914453475,107
Prog_211,0,0,1.8844595793443264,0,3.1032154747014986,1.78490580457889,11.7216288304461,144
Prog_212,0,0,2.1591098407190854,0,3.2915097962181146,2.57563006734899,11.9728589604533,148
Prog_213,0,0,1.9775158711967697,1.21483323450577,2.733357564961714,2.65181128709597,9.94627771194964,129
Prog_214,0,0,2.5074831416575054,0,3.505501785531293,4.10325455127451,11.986371187868,144
Prog_215,0,0,1.9268000581500004,0.526301235240611,2.940519786530824,2.06608624793686,11.2268592553935,111
Prog_216,0,0,2.0462206671322263,0.558727673906419,3.1661366903869355,2.10795139031999,11.0734076456282,137
Prog_217,0,0,1.9743025238039549,0.541933544676259,3.2272718833552845,1.49758167532928,11.9584930879987,119
Prog_218,0,0,2.339570325574564,0.708277485885878,3.0772500307999784,4.38951855727678,10.044891218331,112
Prog_221,0,0,2.0930906869568715,0.376095877091972,3.3662494687873097,1.6251653090177,13.2389281087064,114
Prog_222,0,0,1.9909344984387816,0.428966906166136,3.112383828473689,1.6602681062997076,11.0035117295966,99
Prog_223,0,0,2.6457071992443226,1.52174220041348,3.415140946145458,4.712363800319293,11.3548305622844,135
Prog_224,0,0,2.23125809773971,0.616012255241177,3.333399947503179,2.27985976393806,10.5505825050006,117
Prog_225,0,0,1.9087956605463312,0.950598444728713,2.991023751726596,1.92524847279542,10.3691603493137,136
Prog_226,0,0,1.895957742831168,1.2331682938246,2.866853237340013,2.33699188031609,10.795501812268,136
Prog_227,0,0,2.009766574817816,0.478388506466884,3.084070531642307,1.7880067739837548,10.4442630474527,102
Prog_228,0,0,2.3173507948963215,0.670142201448748,3.287071496313836,3.830482180370335,10.7612754971337,128
Prog_229,0,0,2.092735816208099,0.73123994718165,3.38188553464973,1.86404188975042,13.1208729605619,135
Prog_230,0,0,2.3754693407456027,1.21139279910498,3.1900006322905625,4.5847884614579195,10.8518408329135,136
Prog_231,0,0,1.486072061804373,0.434868082055924,2.864510005193358,1.03939227588009,10.2797970638211,128
Prog_232,0,0,2.684134215660758,1.09581784163683,3.4734964567959086,6.100352947315118,11.0513061698701,126
Prog_233,0,0,1.477676012728617,0.887280881098038,2.3566154158097157,1.82743693243365,9.96489213811743,132
Prog_234,0,0,2.397869408393145,0.751154264338691,3.3157836184072846,4.124256612151488,11.5087378281947,104
Prog_235,0,0,2.2741876450197607,0,3.0694076004507704,3.69393310215001,11.0215499992974,154
Prog_236,0,0,2.386686142181927,0.491223167504836,3.350615696990907,4.549098658257638,11.305002183273,111
Prog_237,0,0,2.2520150120152316,1.65642639933819,3.0315204640636355,2.89860333544046,11.1079727452215,133
Prog_238,0,0,2.8550691239679695,1.02649733362291,3.585892379826506,6.51136221627768,11.3517043197811,127
Prog_239,0,0,2.0441897188594247,0.330396892750266,3.376534252638492,1.5179054241193652,12.1053251559988,108
Prog_240,0,0,2.1766793320002673,1.37998916152288,2.8188344105584204,3.17205873797375,11.1659230769818,123
Prog_241,0,0,1.9854860334444506,0,2.858003257540854,2.66913113226696,11.7714977191231,153
Prog_242,0,0,2.151325085647411,1.20470657912169,3.0125824430878425,2.63682538628614,11.4975335621297,132
Prog_243,0,0,2.5785035629730904,0.589077434439559,3.483386524015484,6.1349355001769474,11.3671054213056,121
Prog_244,0,0,2.4826299579193316,1.12403119286643,3.3759003356727346,4.406456865727633,11.2852583480317,124
Prog_245,0,0,2.529047306447266,0.820562913771611,3.296713339105041,4.310079350610968,11.2128587346962,110
Prog_246,0,0,2.6284062308392553,0.977574971077859,3.288287117633031,5.589783588698898,10.7702046381961,106
Prog_247,0,0,1.971269632929169,0,2.922299479658655,2.50473343505427,10.272485015935,141
Prog_248,0,0,2.4133605123959123,1.31559193226797,3.142338739357891,4.022394023200345,10.5725139031763,130
Prog_249,0,0,2.1466973267506853,0.623906193617944,3.319398577847012,1.9387140068752973,12.021050286001,118
Prog_250,0,0,2.193971076070527,1.22868808626334,3.228906969141893,2.67223327283228,12.2854724606615,138
Prog_252,0,0,2.655144957531344,0.725625474754731,3.4324512896979535,6.059315513901187,10.2938070405295,113
Prog_253,0,0,1.6846082201432477,0.894109917774522,2.6137815052745985,1.83810013954502,10.5172144364955,127
Prog_254,0,0,2.150610001283602,0,3.2719659444134037,2.5492646799451526,12.1886287493343,141
Prog_255,0,0,2.228432312958554,0.842777754485537,3.1015804107057097,4.20609619098187,10.8976794967989,129
Prog_256,0,0,1.8815633117281552,0.73331320966406,2.668236904104571,2.65334576925065,10.1575305849449,140
Prog_258,0,0,2.161727399278281,0.510247139803076,3.258331895697391,3.88607018336697,11.1515191842642,134
Prog_259,0,0,1.9776685882641256,1.15399205683623,2.886292103346384,2.22523295891517,11.3208998271542,130
Prog_260,0,0,2.0808039798951734,1.08697064591377,2.8809398910878166,2.45867088232444,10.278681486041,120
Prog_261,0,0,2.1399023958300902,1.05364916829612,2.9932275993723367,2.67330053457904,11.3727053265909,119
Prog_262,0,0,2.3511347068418806,1.04048970061386,2.913616560297528,4.19334937359147,10.4335128221264,105
Prog_263,0,0,2.2010271573207136,0.455179938553559,3.206033275810203,2.34496811223205,11.1520874469179,93
Prog_264,0,0,2.5072097460472165,0.50424688586599,3.433813656760506,5.605562517056723,11.9478316221812,114
Prog_265,0,0,2.2536417905232224,0.783394295530107,3.4206550114627667,2.90507751321104,12.9312196211658,132
Prog_266,0,0,2.6688244788235216,0.590969974632195,3.545321999232819,5.982237305745188,11.1632353520576,106
Prog_267,0,0,2.441459351628953,0.452819556480862,3.4681095961969195,5.14096565705873,11.3728888226475,103
Prog_268,0,0,2.4829445959112233,1.09844441645813,3.126280844544506,4.3888202724135,11.5431252457112,116
Prog_269,0,0,2.0575204102495146,0.484011556761369,2.8645014160408473,2.4787171358949376,10.7400453362998,96
Prog_270,0,0,2.464978405574752,0.756921668869951,3.308584753204344,3.7641656058456574,10.7860373027149,110
Prog_271,0,0,2.3125935032793232,1.1858760479741,3.211673998983304,3.48544226896544,11.3587917573135,136
Prog_272,0,0,1.7924612866133312,0,2.9446947897683238,1.77632120321631,10.7395914612667,146
Prog_273,0,0,2.6275701389246775,0.712595083676884,3.6081292019920337,6.208758223390515,11.40200098276,124
Prog_274,0,0,2.4920288866652203,0,3.486202507931185,4.569874907063102,12.0338354334575,145
Prog_275,0,0,2.352016851897138,1.32092900038611,3.1394370921750356,3.99843861063827,10.7326216682844,135
Prog_276,0,0,2.082135176438008,0.3408118246289215,3.201105469739619,2.38615069783395,11.7359228069731,140
Prog_277,0,0,1.6910261490424519,1.13221414016182,2.382814524169815,2.19403868300903,9.84173521909049,127
Prog_278,0,0,1.9052248110145689,0,3.3098732301877427,1.4906541836500251,13.3642543704063,157
Prog_279,0,0,2.242437725239406,0.588653488932923,3.553565286924549,1.64806445664846,12.9455635376984,120
Prog_280,0,0,2.8807649427285424,1.38860091192565,3.6180553532099227,6.097943432916857,11.566042445301,128
Prog_281,0,0,2.397264517521048,1.45346109997109,3.107430360575038,3.51498783291445,11.5533291722162,127
Prog_282,0,0,2.0880708339239824,0,3.3142699293773523,2.0038274682813126,11.8000836442981,142
Prog_283,0,0,2.403884810399117,0,3.3667716921022266,3.78275091267591,11.8591893249341,146
Prog_284,0,0,2.05020312115999,0,3.0501636255312476,2.5017640862046946,11.6359107947853,148
Prog_285,0,0,2.078694358721511,0.883545550027297,3.238833715437576,2.19442757384761,12.1056378288075,139
Prog_286,0,0,2.0388732354424963,0.785398655403764,3.1934033638779433,2.20721900242894,11.9796082367523,134
Prog_287,0,0,2.619081407369356,0.703011597551809,3.483652347072873,5.695315849635318,11.1817561673548,121
Prog_288,0,0,1.9485450331733265,0.47828657758757,2.9506330416279387,2.3168128236412278,10.1891591215604,140
Prog_289,0,0,2.669221593052614,0,3.4497478667286106,5.78003862798369,11.0512917777128,143
Prog_290,0,0,2.049497285943341,0.759842664971102,3.2149037013632644,2.21119705867065,11.387235205217,137
Prog_291,0,0,2.3472664545385933,0,3.1887968932849913,3.38990934411845,11.5944604941795,142
Prog_292,0,0,2.0584300647839537,0.885052518510375,3.0349733391467306,2.13334237081327,10.0990853062772,122
Prog_293,0,0,2.289834595287437,0.91217527833416,3.0830581824660808,2.65335472492876,10.8888664512968,108
Prog_294,0,0,2.0986009634550244,0.897482631111323,3.048442275594982,2.4098154813652,11.0961175530529,128
Prog_295,0,0,3.0644828703297256,1.73918119739875,3.3046696211669686,5.910014793800627,11.3554963740568,106
Prog_296,0,0,2.066149283908635,0.971608247829399,2.7177068063293737,2.75833571745984,10.2864324616778,89
Prog_297,0,0,2.532091907731257,1.46429683314889,2.9707026452686027,4.07327231278847,10.6939150203576,119
Prog_298,0,0,2.2181759505220042,0.929475611262071,2.946719166726614,3.19239182848223,10.1327357567057,121
Prog_299,0,0,2.373268629394513,0.750513897965665,3.198603662536846,3.2256986216491246,12.3314046064204,106
Prog_300,0,0,2.1239740432284484,0.209710908906326,3.4218204178056184,1.9739800683365374,11.9008716333526,113
Prog_301,0,0,2.3962398478295235,1.68092804546719,2.8246315208660184,3.5163539262870525,10.3835277731508,103
Prog_303,0,0,2.670355961122621,1.94510182043633,3.0149951738503935,4.73638005253917,10.1564115476949,125
Prog_304,0,0,2.5956284670001666,0.935646417451083,3.2652197212208867,4.86014469973113,11.004699282504,112
Prog_305,0,0,2.7568357729867556,1.05071216145345,3.2652309315548265,4.68064505461234,11.428900406976,106
Prog_306,0,0,2.0139852499572415,0.476292349344928,3.053164111187415,2.0855570952566675,11.8792190509883,104
Prog_307,0,0,2.7189015561349743,1.20310672743606,3.0938999751808254,4.825243003012,10.700526463644,105
Prog_308,0,0,2.3949847770137116,0.943977809604242,3.043571611494823,3.48053379274885,10.6630150865129,109
Prog_309,0,0,2.3519514098708436,0,3.0188525104429758,3.90752323232947,10.634217580943,141
Prog_310,0,0,2.9744664505949454,1.59475833160562,3.4158346980044585,6.316921463501164,10.7569698324035,116
Prog_311,0,0,2.8516327923814853,1.69493497691167,3.0972105579571174,5.280227574788727,10.2585421838116,113
Prog_312,0,0,2.1320527641424243,0.319434429583537,3.3297594284264775,2.346246324723375,12.0006395577423,111
Prog_313,0,0,2.566895513083102,1.26359435454008,3.2620894796143456,5.239155316808848,10.516658961965,132
Prog_314,0,0,2.0865629521530735,0.910690320792152,3.0940909059263553,2.43288570157842,11.554901248246,128
Prog_315,0,0,2.1973265375553552,0,3.294659358861932,3.16147357242067,11.8788539111063,160
Prog_316,0,0,2.4829547748466587,0,3.3318504569298137,3.70502650235582,12.5060582734839,145
Prog_318,0,0,2.253383199210575,0,3.1997002796557727,3.7941721222913523,11.438026054733,149
Prog_319,0,0,2.6406779610343296,1.19260059526467,3.2618535949971457,4.5263377716448625,11.2558768382727,81
Prog_320,0,0,2.3324896815920573,0.942899199629643,3.0741310418355727,3.10191485125514,10.8626331232184,108
Prog_321,0,0,2.6338608344500956,1.83342013364619,3.2551878169812043,4.03411495075042,11.6487571773198,131
Prog_322,0,0,2.569531581717255,1.68655647418784,2.750325401097568,3.83927927939533,9.97463011070427,103
Prog_323,0,0,2.825462268953256,1.55608019740295,3.0913767322023418,4.08656554459136,12.6255700790012,98
Prog_324,0,0,2.24519158290436,0.865763020049748,3.0953934745123077,3.07051449582439,12.5638626781455,100
Prog_325,0,0,2.7114888549844647,1.63911341996839,3.02883804222199,4.992184949608935,10.6806550118012,96
Prog_326,0,0,2.236064497251891,0.726995945066779,3.208723964320596,2.71569711767495,12.4073179733651,102
Prog_327,0,0,2.9774892427046686,0.912590460817759,3.5482907697675095,6.566154853693897,11.1995334104095,117
Prog_328,0,0,2.461278291056343,1.30460112836204,2.9451100336986737,3.83100448682226,10.2225114579705,109
Prog_329,0,0,3.002021650018366,2.32592188921765,3.28127795364923,4.558413744553742,13.1931151642673,100
Prog_330,0,0,1.7635212217212146,0.375278584931133,2.9985816636141287,1.5692653588161951,12.0205507535644,86
Prog_331,0,0,2.8097059646779425,1.16957641521024,3.5374920353615296,5.926664382044628,11.2603657585835,105
Prog_332,0,0,2.281865093701107,1.47071315469302,2.812300220281841,3.01548947140107,11.081918059973,99
Prog_333,0,0,2.207151615113351,0.8328350284819,2.8985988405119425,3.27656200490546,10.4603034238705,140
Prog_334,0,0,2.4574644468855493,1.21449257646378,3.0558702652909386,3.7228475915319423,11.0220979782511,117
Prog_335,0,0,3.0265520182361927,1.2613160937673,3.2844780943038114,6.146021402452897,10.9720426455352,98
Prog_336,0,0,2.689148649672559,0.960796657868607,3.2441800189035983,5.1514947847169,10.892800720169,91
Prog_337,0,0,2.1590329400504973,0.444799480544509,3.1944249500380186,4.203484510800408,11.3453063744193,109
Prog_338,0,0,2.331730275160368,0.842313991333406,3.350517203686857,3.8751889293446675,11.1222554863338,133
Prog_339,0,0,1.947817108585611,0,3.3306166987316903,1.90312580280356,11.9857076344155,171
Prog_340,0,0,2.0318955320436123,0,3.082679431675286,2.11604459146542,11.8647944875006,141
Prog_341,0,0,2.5582805783925284,0.938911718332179,3.445412788138318,4.621156117101595,10.8652900476319,123
Prog_342,0,0,1.996399287286299,0,3.3383185363133,1.8485593822801252,12.3154517466647,147
Prog_343,0,0,1.6248953430947606,0.645093310160062,2.772756327252039,1.42842183482159,10.7971368013935,127
Prog_345,0,0,1.794323132008361,0,2.9220440543731208,2.45526494461446,11.2700138362717,175
Prog_346,0,0,2.103239239127957,0,3.278839322317254,2.5284954412947354,11.4104582030844,153
Prog_348,0,0,2.0956400829890662,0,3.2111535569944656,2.48443228497503,10.6904752628902,156
Prog_349,0,0,2.321408526670034,0,3.4394425834754974,3.73204398346817,12.0384192044731,168
Prog_350,0,0,2.136252640828727,0,3.4017238188615013,3.42376699883517,12.3351071436383,173
Prog_351,0,0,1.812526713724004,0,3.181128844379769,1.44841418387562,11.4926772492558,184
Prog_352,0,0,2.1725169769157726,0,3.541688625699371,1.5256058196243822,12.7805198026999,155
Prog_353,0,0,2.3374538398055456,0.657707868385452,3.407506067945551,3.8700314075125473,10.6622393958635,123
Prog_354,0,0,1.930978283168263,0,3.2305532833151194,1.62595731352042,12.6163616718395,150
Prog_355,0,0,2.3263548700656402,0,3.520788793507686,4.130651155920573,11.1783641918848,166
Prog_356,0,0,1.9015269559323555,0,3.328551576528595,1.36802506589629,11.6938180606901,167
Prog_357,0,0,2.1448384933172027,0,3.57572009294986,2.87784982496099,12.6469984254163,172
Prog_358,0,0,1.6325802879331985,0,2.8728190315906144,1.72916566804256,10.5114334401603,181
Prog_359,0,0,2.081308110350755,0,3.277656512874565,2.07078365791113,11.6337245376206,156
Prog_360,0,0,1.9873220643035596,0,3.177321858728335,2.31166669984266,11.2586300559834,163
Prog_361,0,0,2.136566539191838,0,3.2851270589289836,2.41936704469561,11.9868927959271,145
Prog_362,0,0,2.0729420793577114,0,3.3250056172693636,2.22325262168263,10.7013892639567,167
Prog_363,0,0,2.0516793289922717,0,3.617900622905422,1.23749056269444,12.8945592818139,186
Prog_364,0,0,1.8489423802413723,0,3.2787458377603644,1.08464902181059,11.331642223937,153
Prog_366,0,0,2.014798274087628,0,3.299216798047913,1.76187184728315,12.2597795196879,153
Prog_367,0,0,2.4374179705112033,0.52018835493136,3.699853132761078,4.286172177390298,11.4233875096677,132
Prog_368,0,0,2.2612998693878037,0,3.288269513285529,2.568171359615513,11.4053383386996,143
Prog_369,0,0,2.0511798156441645,0,3.311749365296354,3.00020126078944,12.0149478843186,181
Prog_370,0,0,2.065404973448776,0,3.2626484858727927,2.5935943125545,10.7966157808289,166
Prog_371,0,0,2.6701914874501056,0.814281951904717,3.521624679315425,5.92873502022381,11.8888784183384,123
Prog_372,0,0,1.6962422420509502,0.887784055524646,2.8842397463702647,1.43331402649629,11.5243944429391,138
Prog_373,0,0,2.114991760441144,0.612125995784518,3.330509343860542,1.86494878619373,11.4402715125581,128
Prog_374,0,0,2.00708831918562,0,3.29932717532403,1.82266943793088,11.5317811227125,167
Prog_375,0,0,2.044135447868321,0,3.658574554791781,1.33951319452372,13.290033636941,169
Prog_376,0,0,1.9963118792530192,0,3.4865788167876683,1.29776293515934,12.4850246689234,160
Prog_377,0,0,2.0221017250468463,0.440993528976964,3.391754119496275,1.65316705459263,11.6345936038614,130
Prog_378,0,0,2.6687095449293587,0,3.7208760009107147,6.449009344708365,11.5490106431005,156
Prog_379,0,0,1.7008860679945939,0,3.0419770256612373,1.45745906937739,11.4526768808409,158
Prog_380,0,0,1.8432669576914786,0,3.194601361546624,1.59594392127172,11.3192637633816,166
Prog_381,0,0,2.1045522548718547,0,3.400332269659435,1.9770366655890024,11.1914931236376,154
Prog_382,0,0,2.3138566900897652,0,3.487796971043227,3.060621818732865,11.8039976060159,160
Prog_383,0,0,2.1789839547807404,0.471822668382895,3.4187056857730735,3.0105096000747853,11.4447851295279,139
Prog_384,0,0,1.9891166387910855,0,2.8576116119928705,3.146827513578322,10.438595356649,150
Prog_385,0,0,1.8220481817069158,0.2862966329667585,3.097097689390268,1.29958654427535,11.9205879406664,140
Prog_386,0,0,1.9874235012624653,0,3.3741678619445663,1.56191742710682,12.2229825147419,157
Prog_387,0,0,2.5252319675060533,0,3.6265133793095274,6.304015736711141,11.2831378438063,144
Prog_388,0,0,1.9789938974503583,0,3.5869224141025167,1.3128586122324,12.6703700177718,170
Prog_389,0,0,1.710961977767532,0,2.90377382191301,1.80369577960469,11.1810942344064,146
Prog_390,0,0,2.7579505952068337,1.36076456276203,3.495545607319608,5.474852707340237,10.9479141280469,139
Prog_392,0,0,1.9476187296035326,0,3.321477982893922,1.500133336374,12.3059831244304,156
Prog_393,0,0,1.7558776009019874,0,3.13141495693551,1.46300869191098,11.8864905477076,167
Prog_394,0,0,2.0691564005573455,0,3.3144322350643094,2.59728284173095,11.3877673469615,169
Prog_395,0,0,2.0665929976975366,0.499242554378899,3.4818686112418975,1.40810588883733,12.9370186332341,138
Prog_396,0,0,2.5464261344752743,0,3.3115211981538346,5.043266385658155,11.0779317057038,144
Prog_397,0,0,2.129786684301601,0,3.5247363817300457,1.6626524973940324,11.7829281161578,147
Prog_398,0,0,2.07181279017997,0,3.5537671268754587,1.76081518209038,12.3186723689071,174
Prog_399,0,0,2.2775828936039098,0,3.588153589617247,2.83669670026032,11.6194043505821,166
Prog_401,0,0,1.692124658362382,0,3.1141159293767604,1.36670605654073,11.3050672217755,164
Prog_402,0,0,2.389257879665001,0,3.470016398143135,4.72045852778073,12.4740735251809,157
Prog_403,0,0,2.232572325191233,0,3.532485724047886,2.6950332961365175,12.1811527077276,160
Prog_404,0,0,1.963477856248175,0.544819530781697,3.2730290712943786,1.24884661695248,10.5661326056227,136
Prog_405,0,0,1.956171455366628,0,3.1629456103615152,2.08120622980692,10.3551325031789,173
Prog_406,0,0,2.116999344544852,0,3.3798226311861557,2.8829151736491925,11.9453810671243,162
Prog_407,0,0,1.950580519924638,0,3.024072140798449,2.29142494023352,11.027876469834,146
Prog_408,0,0,2.581266394800544,0.4262004690888895,3.7023112075974773,5.606497730190335,11.7104136871632,140
Prog_409,0,0,2.274641119799961,0,3.654268164975504,2.06901808060915,12.1267747493783,142
Prog_410,0,0,2.055175505129877,0,3.327601735617194,1.84906305076993,12.4874559431553,148
Prog_411,0,0,1.7904067571125404,0,3.086688891702779,1.5487638560522,11.828395451702299,165
Prog_412,0,0,1.9770093392166712,0,3.275173962312783,1.98109340831803,11.2421180175833,157
Prog_413,0,0,2.3854952265638873,0.857866565686368,3.516029165197865,2.81970188015251,11.99888599128,132
Prog_414,0,0,2.7457491273647343,0.816621199173881,3.5735545964288016,5.76259695212012,11.6897430856167,131
Prog_415,0,0,2.273806125225809,0.718037095526562,3.580858551795747,2.28381944586084,12.4124133167428,135
Prog_416,0,0,2.056092774786634,0,3.382947821146408,1.86954263926949,12.1896545607769,154
Prog_417,0,0,2.397900367396918,0,3.5345962806163604,3.6605205254223026,11.411770468704,158
Prog_418,0,0,1.9000875792081993,0,3.398532124171164,1.74874123973794,13.3403153915983,160
Prog_419,0,0,2.0746108812849338,0.609311567983111,3.310235865311227,1.9078327158370298,11.5939152169758,136
Prog_420,0,0,2.6259969177665528,0,3.665935548970963,6.22968838201963,12.2010997958343,148
Prog_421,0,0,1.9892933329473705,0,3.3038137559066,1.89172185136432,12.3686411442138,149
Prog_422,0,0,2.3736339893374185,0,3.5273039759208644,4.586834043960637,11.0682160315761,152
Prog_423,0,0,2.0692864125354027,0,3.445874714482142,2.15179487487026,11.1855016488828,177
Prog_424,0,0,1.927882820666203,0,3.4155327386085377,1.44359394386436,12.9300962788277,159
Prog_425,0,0,2.404959461605556,0,3.3906973411061068,3.56775624129102,11.233808022274,142
Prog_426,0,0,2.1541678343546002,0,3.0750004340735333,3.19763625629729,10.881568671643,158
Prog_427,0,0,2.507761399486244,1.77895241312417,3.221344254431211,4.35432177835943,10.6622750325085,139
Prog_428,0,0,2.23135407736704,0.860048918578028,3.2785332219263443,2.55841437819925,11.2252876905013,132
Prog_429,0,0,1.9340148661238694,0.332037616707275,3.220721251481491,1.35204658669026,12.1240674870235,114
Prog_430,0,0,2.0520185813222045,0.791868679956982,3.2124237225929018,2.21927003986035,11.4809162850529,139
Prog_431,0,0,2.1280291001740412,0.980642881226911,3.09185632644363,2.55255482415984,10.1970694570739,123
Prog_432,0,0,1.9557528938191668,0,2.8311667689876456,2.78967512427944,10.5019480582824,152
Prog_433,0,0,2.2578075263051516,1.22402744065631,3.135948622503342,2.9989319860935604,10.8067205079345,136
Prog_434,0,0,2.0131001343609785,0.485122159506118,3.1846710810618886,2.23086810336188,11.1391245575199,130
Prog_435,0,0,1.907044612533161,1.37124878682415,2.5719899772444306,2.52627713567853,10.2802802396188,130
Prog_436,0,0,2.0938660769591446,0.763394922072574,3.218646989191451,2.37431127821656,10.5317283893229,136
Prog_437,0,0,2.0509482398459236,0.430169856928493,3.076914472815456,2.1885117036628623,10.6779481444646,103
Prog_438,0,0,2.076992460064105,0.612715170455777,3.3836893723300303,1.86618467523936,12.4699775922331,132
Prog_439,0,0,2.0857420627064056,0.919892960150722,2.98710774481582,2.44886780888499,9.87278822944447,123
Prog_440,0,0,1.729486965372968,0,2.581865966514869,2.23928497099193,10.1545887257718,153
Prog_441,0,0,2.49098455313215,0.851509182506455,3.3751839048240253,5.254161150038983,10.5794485117648,130
Prog_443,0,0,2.5153984408194865,0.491103590306629,3.4997498644325677,4.77580856307159,12.0649123894483,98
Prog_444,0,0,1.897452317834377,0.755207870397474,2.874994029843986,2.15035620941828,10.3515867210926,131
Prog_445,0,0,2.413975904257062,0.967494409691363,3.2656578224119457,4.06566700373593,10.470532038566,119
Prog_446,0,0,2.313838369185895,0.871015506464646,3.44689747043554,2.76609662149342,11.1525810222724,137
Prog_447,0,0,2.191355914490266,0.944656079968795,3.3341481374331297,2.4915068086228,11.8219306860139,139
Prog_448,0,0,2.1658298833769045,0.98781873025729094,3.12251634805615,3.220450036683488,10.5339708084308,139
Prog_449,0,0,2.007231046423239,0.409362997534848,3.1540401380443517,2.124579705567005,12.0604298372657,123
Prog_450,0,0,2.019158030671889,0,3.0946750810666765,2.29824383181908,10.5306861000925,144
Prog_451,0,0,2.703482946035166,0.672904946519342,3.565647197626645,6.332846281007295,11.8578580773338,113
Prog_453,0,0,2.220710271418837,1.38936218098775,3.088786795652113,2.55062618737362,12.8286821883429,130
Prog_454,0,0,1.9809110870834752,0,2.9496918240220524,2.48346461521097,9.89192590892264,153
Prog_455,0,0,2.2411117530021247,1.62113495973196,2.7627214011146735,3.21795617239815,10.7792591665917,122
Prog_456,0,0,1.898929734381839,0,2.8184331799539577,2.60870314579219,10.4755053025723,146
Prog_457,0,0,2.1049847162938953,0,3.104796751297098,2.27647642209519,11.7598245480611,142
Prog_458,0,0,2.210119077969198,0,3.1454141989630973,3.18020070977928,10.2124438678211,159
Prog_459,0,0,2.234149344770816,1.04893589819556,3.35868756918559,2.1544583812975824,11.4647374535584,136
Prog_460,0,0,2.0243365410151863,0,3.0543981663316417,2.25739716012395,11.723432751008,157
Prog_461,0,0,2.157203409784477,0,2.9018322188594157,3.02864804415825,11.4571115778208,145
Prog_462,0,0,2.6885844575683477,0,3.508114156557175,6.395072356761997,11.6867685107215,146
Prog_463,0,0,1.847087844790811,0,2.942619138773745,2.11634906059362,10.1698044273217,147
Prog_464,0,0,2.1192476137733873,0,3.301910884474082,2.07092029589501,11.0450451045792,149
Prog_465,0,0,2.4800801817177525,0,3.406372210946561,4.384019480748037,10.9541669582092,152
Prog_466,0,0,2.140497074751425,0,3.25928413449136,2.85490615187344,11.9804958244968,161
Prog_467,0,0,1.8945454635813568,0.808360437999603,3.0479724804754045,2.00175919325561,11.0241915043665,127
Prog_468,0,0,2.675352425931021,1.31333158400595,3.432438582186677,5.923515190254582,10.8819838653375,136
Prog_469,0,0,1.87494520050075,1.38031165007963,2.6089395852844643,2.53847310559596,9.9089094889394,132
Prog_470,0,0,2.112902540194098,0,3.109772084464745,3.3033500041363695,10.8624740555329,142
Prog_471,0,0,1.9404532312899385,0.697123070356835,3.0314796630445477,1.911169864148545,10.2795128582565,137
Prog_472,0,0,1.7656216445536426,0,2.5695214590396414,2.24595289090107,10.8105794569746,144
Prog_473,0,0,2.1895605313316517,1.05666695952496,3.2443267989991265,2.90317746807215,10.7295094152285,137
Prog_474,0,0,2.1590451457334443,0.763287504181683,3.201987828264227,2.165677267752,11.6587630549194,116
Prog_475,0,0,2.5102979886318684,0.711490971071665,3.6982991267997813,4.92624268175064,11.7397335921433,134
Prog_476,0,0,2.320117302928936,0.779754771743382,3.3048300071129275,3.0883751375798827,10.9941343114622,122
Prog_477,0,0,2.0427483768411925,0,3.3543265086507734,1.7610790606228148,13.2672579519981,151
Prog_478,0,0,2.185719971630901,0.634986945281246,3.2092964490671116,2.389773436143035,11.7992979381657,121
Prog_479,0,0,1.9564169160639606,0.731881534164675,2.9103551287546394,2.31174199526855,10.422935601428,121
Prog_480,0,0,2.3818664442925868,0.838308147215091,3.4129514101054355,4.129915012121582,11.1436528123753,132
Prog_481,0,0,2.155690959294306,1.11030490379751,3.0867274443396657,2.49458221741621,10.4898998718976,128
Prog_482,0,0,1.774178218884154,0,2.9471356417635124,1.81607639012607,11.0840989295843,152
Prog_483,0,0,1.8120020880804992,0,2.8178280178545485,2.37196585404658,9.83864418119606,160
Prog_484,0,0,2.3019145202011257,1.11128918399284,3.1362935475867806,4.1081401611859,11.3655337896531,136
Prog_485,0,0,1.9955473938901216,0.527564185807571,3.2757484697722257,1.46778729173517,12.0061544448235,115
Prog_486,0,0,1.9110781626655975,0,2.899130816791072,2.30156227419412,10.3636101923143,151
Prog_487,0,0,2.686724122811462,0.598501456235831,3.6424196927815187,6.442005542200188,11.8176910659995,128
Prog_488,0,0,2.214327467206953,0.245818170210672,3.4415414015391304,4.448929241827132,11.2765766600021,121
Prog_489,0,0,2.7686823570989882,1.0051747945586,3.6852555778164495,6.489979092907897,11.3020732686453,136
Prog_490,0,0,2.6026783084187524,2.21205659006677,2.9204929551399217,4.72429396059889,10.1979206743469,129
Prog_491,0,0,3.0425869497335887,0.588528699939379,3.67343570605874,6.902356854869522,11.5359447506761,123
Prog_493,0,0,2.2132462178593033,0.739412141654447,3.0687675697349857,3.91259276591934,10.7517793808806,124
Prog_494,0,0,2.153864474008039,0,3.0270592285944096,3.210732304160175,11.0811201051572,152
Prog_495,0,0,2.1969660678980816,0,3.299885705924207,2.38220861393606,10.986568891008,147
Prog_496,0,0,1.6047199086355626,0,2.7099573666976355,1.66914258552175,10.0698199414775,148
Prog_497,0,0,2.048043896959853,1.76015969887126,2.7170113999408865,3.02893483159946,10.598419333919,137
Prog_498,0,0,2.1937180401148497,0,3.2523160626426075,4.2040950917030155,10.9523860336302,143
Prog_499,0,0,2.1767174011295918,0.810495081652293,3.2497009767043803,2.00549080204127,10.9831607796794,127
Prog_500,0,0,2.679874800868494,0.900677079239585,3.694972087034845,6.15932741247869,12.0961188386239,139
Prog_501,0,0,2.1969514990096184,0,3.247614783329866,2.8872239188993722,11.4956306481175,144
Prog_502,0,0,1.9814684289250248,0.903826002146305,3.062513102820659,2.16481372310114,12.2471261549798,139
Prog_503,0,0,2.5495023724232144,0,3.3702445223686115,4.558574559788763,11.0519192724158,147
Prog_504,0,0,2.3480311266765517,1.37852031407856,3.090386229524702,3.8261750086452473,10.5416915625235,133
Prog_505,0,0,2.836791849761168,0.835188427439403,3.811137328261543,6.824110075585457,11.725998792799,129
Prog_506,0,0,2.4662144416469234,1.11190032035584,3.299939631768606,4.631505955936918,11.0913852405508,138
Prog_507,0,0,2.2383617652463537,0,3.2898197984769926,3.81039597949347,11.924463966414,163
Prog_508,0,0,2.067491776901021,0.589619727081411,3.0071380974529363,2.9480923711658247,11.4214550472984,116
Prog_509,0,0,1.936471125920676,1.26588262751434,2.7221711624706963,2.72660703583824,10.9110156864372,132
Prog_510,0,0,2.164047677545782,0,3.262124665205533,2.7271366472699525,11.7982116104202,147
Prog_511,0,0,2.124519079041109,0.993243999217779,2.93886635950607,2.57368485865449,11.3990310503931,110
Prog_513,0,0,1.784081516755089,0,2.7897423045510483,1.92706461915551,10.3706054378831,151
Prog_514,0,0,2.6434879595049976,0.952716474009662,3.5449372743645213,6.104756257277795,10.6352081203556,131
Prog_515,0,0,1.9936458792428033,1.23402833446995,2.854837744750716,2.680080088842,10.3267272473155,136
Prog_516,0,0,2.002515547738827,0.536606779937621,3.3124629964308023,1.48657391352397,11.7954477274198,134
Prog_517,0,0,2.4467684182659073,1.03984708732809,3.1194618973131725,3.53108162736554,11.4095102916201,102
Prog_518,0,0,2.1956743020414375,0,3.3392521591383337,2.725474471216235,11.4592335172205,151
Prog_519,0,0,2.0788455410045166,0,3.217578689424264,2.3871819270834127,11.4070564177816,163
Prog_520,0,0,2.4257978668446163,0.503683787025533,3.431623045229081,5.027981318370395,11.4681386071277,113
Prog_521,0,0,2.494741998056125,0.835249484935811,3.135059800880399,4.989897331601266,10.7033428100724,109
Prog_523,0,0,1.9301976740551807,0.677111603992783,2.857415305837684,1.822314631711225,10.7819104945713,114
Prog_524,0,0,2.1583046696287593,0,3.3216472726185957,2.8744336741403824,11.3297388523119,164
Prog_525,0,0,1.8233620369766266,0,2.798609624415946,2.38820950664403,10.5651386502354,157
Prog_526,0,0,2.4417113957434813,0,3.2926472306537495,3.962260801581325,10.8609588347702,155
Prog_527,0,0,2.3460146347003024,0.867289008541617,3.0804801391397794,3.9955285055852325,10.6393987540326,115
Prog_528,0,0,3.0344810145419316,2.00285913204684,3.6182024557634223,6.64762904866475,11.5850102580794,135
Prog_529,0,0,2.0000447171055287,0.343584099002161,3.062917848102332,1.77405761439204,11.0692782283806,100
Prog_530,0,0,2.436155986552679,0,3.571241161615074,4.1759562508223365,12.2574722721071,143
Prog_531,0,0,2.42686538900936,0,3.4750073326384987,5.8585947570669,11.5484929831888,142
Prog_532,0,0,2.54862315129836,0,3.502501171585173,5.628922497705777,10.9736663474465,162
Prog_533,0,0,2.2473517350350076,0,3.0242537165901795,3.7227185128372,10.769780317128,152
Prog_535,0,0,2.0029470867554227,0.646496287625976,3.056934271028503,1.93614219037085,11.2830795404772,113
Prog_536,0,0,2.241943275971489,0,3.33958598653768,3.401454814565007,11.2465514188628,145
Prog_537,0,0,2.3521057657096027,0,3.35954669267027,3.635764034899078,11.2008283143386,162
Prog_539,0,0,2.059307357145926,1.28336196532485,2.869761266114949,2.40658183894568,10.2861281698098,127
Prog_541,0,0,2.545787105464284,0.468553830056065,3.4992787804441905,5.930546958730627,11.606924582562,88
Prog_542,0,0,2.6038218480098623,1.36924399722054,3.542547046450385,5.369930593584262,11.6746502784455,139
Prog_543,0,0,2.231157724317743,0,3.3569024037929522,2.930138310991585,11.3310491722097,153
Prog_545,0,0,2.5765571809094516,1.02622878252534,3.429695715996006,3.66164149790331,12.3834561314573,116
Prog_546,0,0,2.597100079297093,0,3.535946403462714,5.526956082060415,11.1742086106154,149
Prog_547,0,0,2.0492706590700593,0.684566861487828,3.0414644793272196,1.77773636451061,11.0226610052696,72
Prog_548,0,0,2.0971577592957993,0.619213758926208,3.2085953642209746,2.24861525511255,11.1781790050956,128
Prog_549,0,0,2.624103664919537,0,3.55498951196508,5.665706292671637,11.3444564198702,144
Prog_550,0,0,2.2352492408609983,0.7762652268711,3.330289664590721,2.19012714289668,12.1041341951744,118
Prog_551,0,0,2.7762393798617016,0.667661164038213,3.567225612619839,6.4317217281342725,11.9365616488031,107
Prog_552,0,0,2.522018313217969,1.17619846952326,3.4249428453900346,3.76532817794071,11.5600908353697,130
Prog_553,0,0,1.982432433898757,0,2.803980974112062,2.69084024565344,9.63642069994158,145
Prog_554,0,0,1.9274707648435492,0,2.9747454864886462,2.31848499211623,10.4244070775155,147
Prog_555,0,0,1.657714710555101,0,2.9461614088031824,1.77122654360459,11.26390823663,161
Prog_556,0,0,1.7005837784704276,1.12478674424477,2.6626023103386047,1.74905630494668,10.0989311094664,136
Prog_557,0,0,1.9677327904627613,0.827066377754515,2.8034709794743664,2.28403172220157,9.93465766816454,115
Prog_558,0,0,2.379923191702617,1.38185668011445,3.2055103310608932,3.233793844620285,11.16593116471,129
Prog_559,0,0,2.1423274274906614,0.591195103965032,3.012832216145341,3.5559370571887596,10.5333190203113,114
Prog_560,0,0,2.2091047646970585,0,3.352057149497407,4.4552672222896055,10.550495794842501,147
Prog_561,0,0,2.048734768577322,0,3.088776160568856,2.40176267636397,10.8910443404832,147
Prog_562,0,0,1.793039764850008,0,3.014846219449508,1.529499728538,11.6637175051899,143
Prog_564,0,0,1.9381258444333915,0,3.072695190787395,2.03326151096762,11.6609451251481,156
Prog_565,0,0,2.2487979840506966,0.697494589567036,3.306738265630379,3.08069742327004,10.6252165979993,126
Prog_566,0,0,2.1358280449402973,1.06358293739898,2.9947819815462298,2.68942876276036,11.621294025747,126
Prog_567,0,0,2.4542502624544738,0.393277267411059,3.55803570073773,4.98311176997688,11.163204261746,140
Prog_568,0,0,1.784583604151225,0,2.7748439857536873,2.11175688649228,10.0296596242977,150
Prog_569,0,0,2.1373445442430032,0.477403765106779,3.192169148654273,3.2299089652206425,10.6429266005197,113
Prog_570,0,0,2.1829474575432752,0,3.3428695298417432,3.38347077840129,11.5309557358447,154
Prog_571,0,0,1.6016971980955497,0,2.7392799646361365,1.58122522947089,10.9601775512386,152
Prog_572,0,0,2.130211055981854,0,3.3014275545995075,2.18460631256568,11.4365185679191,152
Prog_573,0,0,2.152420748301006,0,3.10732995351341,3.32796998768755,10.811645584108,160
Prog_574,0,0,2.184936912362937,1.03158327658406,3.22660612950507,2.37213469741378,11.5816138738685,133
Prog_575,0,0,1.9422610749704312,0.403157345428023,3.018592913285605,1.8396333654001,11.3046787101267,108
Prog_576,0,0,2.0418163049963725,0.769795305646213,3.018750140723179,2.9098684676992175,10.336859158654,136
Prog_577,0,0,2.332600623187786,0.766656737813065,3.38542729429,4.438338795335415,11.2436327582777,135
Prog_578,0,0,2.54676596628178,0,3.364598292266436,5.63782419279048,11.11224633414,142
Prog_579,0,0,2.2087911154687108,1.01401010724717,3.1529794466105328,2.83128960037872,10.7960539577403,135
Prog_580,0,0,1.6292937188133654,0,2.707533441754616,1.85849050770854,10.3395786543123,156
Prog_581,0,0,2.1948520463261065,0.668807653683418,3.3398697047772803,1.98141162215218,10.8476962375701,122
Prog_582,0,0,2.066139008555591,1.02064072384008,2.8509311842847693,2.03085139120092,9.76886309657577,109
Prog_583,0,0,1.9966061300830682,0,2.8809185104378026,2.78347026515339,9.62497581164723,160
Prog_584,0,0,2.4319036321524816,1.07903961124536,3.33582942855564,5.204734592590987,11.3899265878912,139
Prog_585,0,0,1.3189441644440658,0,2.3602756152990536,1.51730213301006,9.74288682914138,152
Prog_586,0,0,2.3047147435531485,0,3.365459526897432,3.31713889708407,11.090077146186,159
Prog_587,0,0,2.060880430537313,0.602097132777612,3.2104240880767194,2.20959376958942,10.6732829953414,132
Prog_588,0,0,1.7873388353975974,0,2.897683276260117,1.66790632680177,10.529874590523,146
Prog_589,0,0,1.9883312483686417,1.62806530510972,2.764002190331949,2.86253993129218,11.5704667216369,136
Prog_590,0,0,2.386543583811002,0,3.525577160203267,3.2317871555103475,11.9656757501473,141
Prog_592,0,0,1.8254668597820283,0,3.189904421691687,1.58719022306909,11.7692884007387,149
Prog_593,0,0,1.6334130409658458,0.68442726631686,2.7735620814021704,1.566597144986925,10.8810629467569,132
Prog_594,0,0,2.0612047835825296,0.620777629793457,3.3119877205863926,1.6557251380526,11.2399065329308,125
Prog_595,0,0,2.266501731546633,1.59734773414422,3.0382433078334405,3.18641513047106,11.1510297301358,132
Prog_596,0,0,2.31864528600605,0.805939105832581,2.9445784154687775,4.80416737941397,10.4156034135965,114
Prog_597,0,0,2.111885065144908,0,3.0887221010191586,2.9660984204334553,11.7059130796855,141
Prog_598,0,0,2.5545542573082574,0.826615881057059,3.420068320464548,5.896896718993817,10.8923651968441,128
Prog_599,0,0,1.9994977631157025,0.737319770777291,2.9851379679877583,2.1677777771441376,10.4850362217263,122
Prog_600,0,0,2.15662551266301,0.646371762734366,3.214331378003381,2.46514249911606,11.1626617432031,120
Prog_602,0,0,2.4800433595359275,0.447079029148611,3.3095973817101254,5.66587559466659,11.096547578654,105
Prog_603,0,0,2.0018142699943695,0.589565470810056,3.066953520837097,2.218719544165985,11.1839971929472,130
Prog_604,0,0,1.934018006704202,1.10748764905268,2.8591500800576655,2.15837026174539,10.2297012082235,129
Prog_605,0,0,2.279557399421473,0.930567272969649,3.3294283125525843,2.68619835975198,11.7645528133863,132
Prog_606,0,0,2.515816851891174,0.608260480837826,3.4271979582332124,5.240625349463578,11.5919662770626,89
Prog_607,0,0,2.334033221117834,0.58518636660701,3.4037746133392517,4.546991679445325,10.6646738425906,125
Prog_609,0,0,2.243454846233217,0.649237716644987,3.340057796583474,3.4832094239662252,10.9553889910609,133
Prog_610,0,0,1.9150518843308515,1.13239470671822,2.954133652928526,2.19429816406386,11.2793744798999,138
Prog_611,0,0,1.714666705943663,1.11490408498557,2.5047164350588433,2.16909707037903,9.67841682814925,133
Prog_612,0,0,1.8171623773077052,0.691636151970679,3.020200056557495,1.50860233091046,10.5596255960007,122
Prog_613,0,0,1.4602348550535864,0,2.6826093784246243,1.40868818845609,10.275815928792,158
Prog_614,0,0,1.78648694833919,0,3.041651979103504,1.62122850835245,11.1176577679119,148
Prog_615,0,0,2.056015637360494,0,3.275983534138391,2.25048424639245,11.1712816265447,163
Prog_616,0,0,2.0158460455699516,0.611106816375483,3.231343815462381,1.86280958340758,12.1758905837668,139
Prog_617,0,0,2.397798396262133,1.26435960084304,3.396106793194277,3.43502029609609,11.6618203135797,136
Prog_618,0,0,1.7636012588330168,0.736574609539573,2.890474324473956,1.5843108007973,11.108200485771,121
Prog_619,0,0,2.6550944541732755,0,3.475231558608725,5.918420258017642,10.8147426755226,146
Prog_620,0,0,2.368675608912565,0,3.3859368258472964,3.41960181225111,11.8214846443659,150
Prog_621,0,0,2.5305266039801158,0.427738444982663,3.5224492382259833,5.36096415640038,11.2808596525196,140
Prog_622,0,0,2.116682486005214,0.792766731686947,3.09089777088476,2.5180965316731774,10.3075520472745,128
Prog_623,0,0,2.3303057244141194,0.640568820233253,3.274876539718085,4.213594142995213,11.2244359011074,113
Prog_624,0,0,2.2491744995695977,0.610630289321073,3.3738866552820608,2.52163758974407,11.7287187734715,117
Prog_625,0,0,2.4647740710692077,0,3.266690951623093,5.023018186405623,11.3809265199611,141
Prog_626,0,0,2.713713516723154,1.00889979832759,3.6270557915221016,6.621175758477718,11.2229198877357,135
Prog_627,0,0,2.233236381653246,0,3.2077335589448768,3.2761876148902904,10.6325868522878,144
Prog_628,0,0,2.630971141339377,0.834215637683477,3.5719767508077487,6.027930904625415,11.5406627195855,137
Prog_629,0,0,2.5029551503097767,0.686364850336289,3.502013634350517,4.989205689196876,11.2281598933945,125
Prog_631,0,0,2.0484000732544816,0.658558725664747,3.1192965552053966,1.7866131052950451,11.5667783484952,124
Prog_632,0,0,2.1565984059462666,0,3.227592204748229,2.41538277344761,10.7961938140423,141
Prog_633,0,0,2.3994520224151095,0,3.1999338094231797,3.85357970515206,11.5437585255832,145
Prog_634,0,0,2.2063564521054344,1.56868559759666,2.9891814967478814,3.43719001319432,11.0287740044429,139
Prog_635,0,0,1.7600669401325129,0.854819203242224,2.6784791520193076,2.08206501691359,11.508454708782,120
Prog_636,0,0,2.323694502033915,0.513962271981351,3.5579016961612817,2.287568233368435,11.5789620960032,117
Prog_637,0,0,2.1614164008370027,0.837707915240441,3.1047459727348072,3.5981033132697924,11.28657232469,131
Prog_638,0,0,1.9908995299216947,0.760591901616643,2.9594121046087625,1.91714233037802,12.0172565596369,114
Prog_639,0,0,2.131948813348709,0,3.0513095633675618,2.955006816342597,11.060343071668,143
Prog_640,0,0,1.8481407777340855,0.494475253189182,2.8513057760142004,1.82814564254141,10.9402510336002,114
Prog_641,0,0,2.468068685460378,0,3.092296248065916,4.92185161908352,10.600027238864,142
Prog_642,0,0,2.20498767651506,0.764200664796302,3.091587436267256,2.265058753145115,10.2273815795806,110
Prog_643,0,0,2.29734073171976,1.3020620642174,2.9560808749472502,3.49322141587928,10.7968738358434,125
Prog_644,0,0,2.1718638688871157,0.930394141729024,3.170278782120833,2.5217332661993748,10.9467783429656,128
Prog_645,0,0,2.607884616973275,1.60821333018374,3.0922836802532156,4.93817337208073,10.2257670726668,121
Prog_646,0,0,2.0708220757197155,1.26074025517935,2.900210012922416,2.37533413465774,11.0510780126724,126
Prog_647,0,0,2.0517140807813394,1.36868556683934,2.574684141117578,2.87369653387145,9.45853828095381,118
Prog_648,0,0,2.887394858001565,0.627263842634364,3.506309083659689,6.462532951021443,10.9115992272333,108
Prog_649,0,0,1.9493078388142449,0.592534664803634,3.0409015645502864,2.1875319549911,12.2930350972733,133
Prog_650,0,0,2.52187698836711,0.727271522914042,3.2557140325831257,5.2610555196474404,10.6688529496937,117
Prog_651,0,0,1.5597409527169541,0,2.4043537445339536,1.77444528515721,10.0746414773154,145
Prog_652,0,0,1.9556646376809308,0.4041275540918015,3.123693102792629,1.776813928760045,11.1249266152179,140
Prog_653,0,0,1.8066803987542512,1.06199392115569,2.403151101605093,2.41987868868867,9.99936044325285,116
Prog_654,0,0,2.069407891864579,1.0035866534612,2.9506057865299584,2.59093531232508,9.76870741127792,131
Prog_655,0,0,1.9551829358142194,0.661095810416222,3.1161904090963755,1.7334120366391499,11.454140748723,130
Prog_657,0,0,1.6409284752429736,0.3259134839029995,2.9280720210474924,1.09916938988768,12.4361363291581,140
Prog_658,0,0,2.4808401790886183,0.907235400990112,3.334380979113302,5.288164712694252,11.4224088882076,132
Prog_659,0,0,2.5213617080919493,0.970491263200465,3.0808415192057104,5.771777526252867,9.54221547538131,115
Prog_661,0,0,2.4164733595229944,0.546990263905616,3.1323997457584714,5.25152580303417,10.7687074960142,103
Prog_662,0,0,2.379925709423194,0.995062800091269,3.1132231324077067,4.51410207407931,10.5694310707449,119
Prog_663,0,0,1.9144424351023188,0.781187849514198,2.9745969910509533,1.9538913763059,10.9909560217669,128
Prog_665,0,0,2.5365671937555168,1.16537108245765,3.14612183003195,4.2473935508547145,10.3741525679284,116
Prog_666,0,0,2.550445125919867,1.04399882438254,3.1943178972247668,5.31288928356767,11.0188670949271,113
Prog_667,0,0,2.1801105194172528,0.780935384937285,2.910269086348861,3.42785040468054,10.4195466889057,140
Prog_668,0,0,1.861244579916052,1.4521272051328,2.655189140794851,2.16099235035174,10.1190858292533,135
Prog_669,0,0,2.3264999358330956,0,3.1359146265738933,3.9406866830230305,9.84218599281967,159
Prog_670,0,0,2.5212559541753876,0.933425451255447,3.288682068081761,5.443529487556153,10.7471122004956,130
Prog_671,0,0,1.9430645309073482,1.2364396740843,2.89575259068929,2.34155617402355,10.6351954081369,134
Prog_672,0,0,1.9205056540784984,0,3.0666948736280135,2.39415281355046,11.9472985922351,160
Prog_673,0,0,2.178910020542969,0.977641185859156,3.0802091223267825,3.12993322407238,11.0149721912968,120
Prog_674,0,0,2.527497975796737,1.04058273540837,3.2811854649766565,5.7146301598946,10.0515210385964,138
Prog_675,0,0,2.0931558146789015,0,3.102025687520045,2.7097884649526174,11.0410566596886,149
Prog_676,0,0,2.027347299298087,1.00709503610835,3.0723451242531685,2.01062951215209,10.8736825552195,135
Prog_677,0,0,2.011637263159866,0.669396912504244,3.182504026186227,1.98259753593095,12.0726136120672,133
Prog_678,0,0,1.8987185976090992,1.47872522392989,2.706315779799419,2.19347125917153,10.4661128472281,135
Prog_679,0,0,1.754710646170557,0,2.7171731706021216,2.19904492553703,10.806461064541,141
Prog_680,0,0,2.1836306003041632,0.879786311111291,3.2086020483641238,2.12446409797368,11.3943817904816,125
Prog_681,0,0,2.687867457911305,0.809455123970316,3.5593172355190847,5.8487087171036904,11.2088533550878,131
Prog_682,0,0,2.023507501005297,0.401609859035196,3.1998369846596075,2.1002575282133624,10.6903890864739,123
Prog_683,0,0,2.4914016760882953,2.19584831568971,2.9048210003623307,4.24092099635257,10.4636739531237,129
Prog_684,0,0,2.2166949530464524,0.93126885209602706,3.1100663685784453,2.46852131473634,10.7690687919995,128
Prog_685,0,0,2.385738738191086,0.807994628865383,3.298426014252506,4.749215751712198,10.8238630445253,128
Prog_686,0,0,2.7693565017278194,0.669690669327195,3.526366731348856,6.297275196386715,11.0293107057184,140
Prog_687,0,0,2.534485063458437,0,3.632122065208864,5.666717903352888,11.3575055632479,142
Prog_688,0,0,1.6713485544625466,0,2.8546351756604245,1.69367836668895,10.8603236029142,141
Prog_689,0,0,2.460208854382885,1.26523626025691,3.185892408116637,3.76903024122714,10.2977009502359,124
Prog_690,0,0,2.7647021892925254,1.59503385827549,3.365137706622232,6.058760290369388,11.321706232128,128
Prog_692,0,0,2.251121882911994,0.970930035689966,3.098041051782169,3.30341308129488,10.4301483165197,126
Prog_693,0,0,2.193160896027641,0.851574469548176,3.2190798911868765,2.5893526578217374,10.771078804495,125
Prog_694,0,0,2.345807053840988,1.15491952986038,3.2290266089266915,3.886677898632132,10.566052138989,135
Prog_695,0,0,1.9332537756804355,0.496015438637162,3.1054049536175263,1.98947637420076,11.9119271876123,127
Prog_696,0,0,2.1283284011545267,0,2.9270668047929034,2.94526428702485,11.004288571918,147
Prog_697,0,0,2.0810073671840077,0.810996347018336,3.2044530545333276,2.00636647467067,11.5116841008247,138
Prog_698,0,0,2.7202426919710145,0.682242820977974,3.6741702869413295,6.6185232847189,11.1249631371782,134
Prog_699,0,0,2.441186072081158,0,3.584793707131632,4.74963390406862,11.8136774442227,142
Prog_700,0,0,2.1081866822939617,0.726533320889203,3.320830301549655,2.48093928434636,12.3608114643205,138
Prog_701,0,0,1.5651183225470502,0.316605768485209,2.6711124534468964,1.40764721368359,12.1143625167314,140
Prog_702,0,0,2.030376357266154,0,3.3537017478653843,2.0551150453713274,13.0095839149317,161
Prog_704,0,0,2.4166324492295,1.22122180272213,3.193517191188121,2.93681770190689,11.1372898752663,115
Prog_705,0,0,2.4308056979626005,0.874189300322453,3.4152981045644077,5.027787133153468,11.2891153156992,136
Prog_706,0,0,2.6070818422067457,0.543643624394033,3.5214622529934987,5.785786306368296,11.5150846644842,124
Prog_707,0,0,2.2359064209009163,1.15373811218025,2.936206969395371,2.8900059664594924,10.4447117061534,120
Prog_708,0,0,2.472010914417993,1.34851947150156,3.3580945174871197,3.9669903275967675,11.2653173606081,136
Prog_709,0,0,1.976442785421561,0,3.134428551793289,1.94373915963401,11.263810414851,151
Prog_710,0,0,1.8753052473539433,1.38873100870184,2.726707532062909,2.54977949370239,11.1413300930908,138
Prog_711,0,0,1.860705517468848,1.04012090382018,2.524017062516202,2.38559667494974,10.2427387025996,120
Prog_712,0,0,1.740063687290734,0.435900541072006,2.980530416865804,1.26964354512982,10.9709093692783,128
Prog_713,0,0,1.749445562947293,0.486039687160602,3.1681677332992546,1.13867330335762,10.5973999685791,139
Prog_714,0,0,2.0577723935750374,0.850866138605788,3.126522555639046,2.32708861109058,12.5803305416459,132
Prog_715,0,0,2.4373349065597907,0.765675554734431,3.425882495490362,3.3056932837919497,10.8713228810153,116
Prog_716,0,0,2.4792014716144175,1.17692660082126,3.412155813602258,3.1480993250128027,10.9545367427216,129
Prog_717,0,0,2.8627188295104586,0.700588443141398,3.5363883866945343,6.678537807722765,11.0449513528997,121
Prog_718,0,0,1.819403936342644,0.69087155849838,2.7426774622279493,2.2726490242509128,10.2442828094078,117
Prog_719,0,0,2.2507891403906592,0.918341567780793,3.2272233516144255,2.85391391168855,11.999239317271,128
Prog_720,0,0,2.261579338665153,0.751911417873175,3.344644599762159,2.35166649494885,11.1899806960332,120
Prog_721,0,0,2.0277762630517078,0.855813827461803,2.918091312290576,2.33596819995118,11.337307072848,122
Prog_722,0,0,1.80748154416473,0.659228509699658,2.805740696038344,1.72985794424149,10.4486764970776,119
Prog_723,0,0,2.3152561781935095,0.572568821080846,3.1748702304861403,4.643405987906545,10.9408666965279,116
Prog_724,0,0,2.5446651033429326,1.18006783428954,3.2450760615918264,3.63143828385067,11.0636159044468,120
Prog_725,0,0,2.470443413921626,1.00878703143275,3.0814677768064236,3.4035376638323296,11.222084632507,106
Prog_726,0,0,2.1075353082493735,1.30596778256706,2.7229457108717865,2.43762349894791,10.6819694736162,111
Prog_727,0,0,2.281254511649109,0.728079447733786,3.108898430859472,3.4603491442434926,10.8893344883601,107
Prog_728,0,0,2.6171321204851425,0.999829884150904,3.4571780652946553,4.786100460712808,11.7896009727316,118
Prog_729,0,0,2.023255080778301,1.01205221893841,2.445121517057778,3.02102576601304,9.93686922868214,107
Prog_730,0,0,2.237620656061866,0.61778271935277,3.2333904864088834,2.2453754182976,11.4322147832189,105
Prog_731,0,0,2.274298485016518,0.869233655299549,3.2530098466000443,2.57534959232539,12.5390452084984,121
Prog_732,0,0,2.573706172680213,1.24909405220137,3.18678349299957,3.455114128551565,10.5027303673092,110
Prog_733,0,0,2.0484148766637227,0.875390875503786,2.854480379248189,2.18049477299194,10.8489527932408,108
Prog_734,0,0,2.367912293402712,1.3756875653091,2.98698673936019,3.16584403000498,11.3295714066768,118
Prog_735,0,0,2.599958330070199,0.863974492971077,3.352615585470335,5.784112734092405,10.8547457833164,119
Prog_736,0,0,2.7711431693861983,0.660461458114183,3.478187531499415,6.86463129589455,11.0312593681681,94
Prog_737,0,0,2.2398176632775346,1.11233546362549,2.910420220289493,2.76760549504414,11.1127791793493,106
Prog_738,0,0,2.4737490817800447,1.33580052792242,3.1934748044833507,3.10781760692445,11.7084460573824,117
Prog_739,0,0,2.5913525639335417,1.24766525819822,3.289295472838955,5.66745638988886,10.9150531805291,129
Prog_740,0,0,1.9695051964411876,1.06744332924245,2.897256316538131,2.42837413956746,9.90156759039765,139
Prog_743,0,0,2.4904008082380296,0.946595874285489,3.3868438527033224,5.10364483173266,10.5951100114343,132
Prog_744,0,0,2.1762144787329114,0.4965160358547575,3.3186039738635986,2.31076319841965,11.6575756963794,140
Prog_745,0,0,2.747400448546597,1.16743370756794,3.586106648683337,6.3463812144525,11.2598103735174,137
Prog_746,0,0,2.2373001032607465,0,3.1702361960028025,3.5359093192190074,11.3203751480937,156
Prog_747,0,0,2.753429241098758,1.21441633251065,3.433602933701451,5.488707295971422,11.2106233271706,120
Prog_748,0,0,2.78965781454333,1.25201507879858,3.3613768570609817,5.759793515694475,11.1718783988422,120
Prog_749,0,0,2.3925495536609995,0.860964981325765,3.1408535269755555,3.64314854609663,10.1879439295872,140
Prog_750,0,0,2.279919363551972,1.25239977332243,3.073043914250911,3.21633730333824,10.6203493754392,130
Prog_751,0,0,2.3836440146417828,1.43672146070841,3.0832882075573798,3.69480766930228,11.365443233348,125
Prog_752,0,0,1.8448719412406989,1.0883150901035,2.759324752925609,2.13052469765661,9.96088527093411,136
Prog_753,0,0,2.6242110619393024,0.454623995729251,3.6950023300588293,5.913380189942372,11.4064003157489,116
Prog_754,0,0,2.8295314957494213,0.904581216455399,3.2961393026535317,6.048160030667136,10.5997769357451,98
Prog_757,0,0,2.0120680904381962,1.26849160129954,2.780946108308614,2.73039695571504,10.2119483100139,134
Prog_758,0,0,1.9139106866006352,1.02742488224992,2.857351975004813,2.04094426922337,10.6945496648815,127
Prog_759,0,0,2.302913960160751,0.658633734044296,3.2017246665195764,3.18590101037819,10.8493711885831,112
Prog_760,0,0,2.189571324338344,0.789991496739574,2.9829727234796666,2.2683587635974196,11.5350627095346,96
Prog_761,0,0,2.3914243598583838,1.02879226035888,2.9040983218446486,3.29338074342121,10.6372431801637,100
Prog_762,0,0,3.1280250855350342,0.8835847255885665,3.640161656691279,7.1856281619225495,11.4153387166266,101
Prog_763,0,0,2.1875064279414236,0.57741341197723,3.145088484114095,2.30374347615836,10.9146187074508,92
Prog_764,0,0,2.4500097928575353,0.987937139287959,3.4016691062182463,2.97882333864293,11.0940757894106,127
Prog_765,0,0,2.349718468330228,0.488732137933349,3.225940071217075,4.235825922895677,11.488176535097,110
Prog_767,0,0,2.209887857771955,0.397493284808709,3.2212598603126965,2.2358601372352798,11.0990883587432,92
Prog_768,0,0,2.6559450289604936,0.80289683295332,3.4143759169257315,4.34763851129011,11.2185496033808,102
Prog_769,0,0,2.3591776224300363,0.910537247621873,3.0243441569644403,3.73513601784561,11.2314998206921,110
Prog_770,0,0,2.3174197130007115,1.02267615297769,3.0194231426067257,3.082088040670365,10.9918852218057,109
Prog_771,0,0,2.063795177554079,1.02402234116957,2.850510049023646,2.6806588754411074,11.4733746140988,124
Prog_772,0,0,2.273451888499013,0.980637682103708,2.89907288055089,3.352480968263607,10.0418659827333,108
Prog_774,0,0,2.5881264570054725,0.647949991791768,3.485184905433591,5.68304568330357,12.48786585038,111
Prog_775,0,0,2.075893316183614,0.733033748858466,2.965810100265786,2.831696846756148,11.7593021610025,117
Prog_776,0,0,2.08512544126998,0.676830443196518,3.266014568270133,1.99751600694999,11.772133678172,130
Prog_777,0,0,2.576920635206623,0.942367472445644,3.278684469184715,5.477274635892007,11.1427180014231,118
Prog_778,0,0,2.092059731493208,0,2.783550275646148,3.3508361139335,10.0900465117179,147
Prog_779,0,0,2.2073397486545083,0.421147153511002,3.156071715212588,3.72287098592848,11.1229640074256,102
Prog_780,0,0,2.1079824841893746,0.513107257677139,3.1985995492812758,2.0330131464445653,11.7989520053872,110
Prog_781,0,0,2.031725208424873,0,3.0622249327015014,2.44841707015222,10.7590548268624,145
Prog_782,0,0,2.280939925556058,0.774576969533311,3.3474342290001187,2.74103695619575,11.4911401851636,130
Prog_783,0,0,2.0973656919789323,0.5372857558182,3.2847375137490804,2.1104599221806,12.315059045564,140
Prog_784,0,0,2.157799538456337,0.851794980734964,3.2717869857986916,2.54311717015648,11.627740181265,137
Prog_785,0,0,2.080170472804075,1.19146343430788,2.9540499630806782,2.61715075529767,10.8887068511144,133
Prog_786,0,0,2.617193892140714,0.87393535854462,3.5087113724115113,5.604906940962023,11.0368304714917,124
Prog_787,0,0,2.4398909863986504,1.73819261275932,3.096247961346245,4.272509666598015,10.6238032725057,137
Prog_788,0,0,2.194729854410715,0.736800526994967,3.0409984129701453,3.1695581598548,11.4687204620795,106
Prog_789,0,0,2.2866801484830046,0.89837657195914,3.114083356013817,3.2689842488626,10.8239558905754,125
Prog_790,0,0,2.0883703402721183,0.641878010161172,3.2555904679861913,1.7541450296958325,11.6469249301931,118
Prog_791,0,0,2.6585406870213593,0.888814962655253,3.3832163638481143,5.755267971285847,10.6303376147459,122
Prog_792,0,0,2.5409842544516708,0.560229345963915,3.440224991043424,5.716954888552507,11.3862536475801,108
Prog_793,0,0,2.379815142859811,0.610005475536996,3.3617104256982033,2.9009331909072174,11.2105001414194,100
Prog_794,0,0,2.3760184209609414,0.780298579922782,3.1727881262077173,4.613557726128428,9.98290543938344,117
Prog_795,0,0,2.266340509272949,0.887106892964446,3.205321825484665,3.24711266582304,11.0872153683565,134
Prog_796,0,0,2.8087710806208706,1.56378185296873,3.312976447727753,5.456636435460345,10.4058865848318,122
Prog_797,0,0,2.8888308871884703,1.46479338511516,3.3374786729996413,5.417750354848177,11.3766471466394,115
Prog_798,0,0,2.4992895105087336,0.472939070596781,3.435576597351557,5.355853871859843,10.7704189814026,101
Prog_799,0,0,2.1409283145648375,1.26471227115142,2.979654563610236,3.3292849662718575,10.7629280651304,136
Prog_800,0,0,2.438177346309224,1.15132868248943,3.151604480262416,4.147708969832042,10.5035933957353,125
Prog_801,0,0,1.8447384417399635,0.580809670067325,3.0773090183363787,1.57664485087795,12.1764060339355,122
Prog_802,0,0,2.016660545566057,0,3.1403985873676405,1.89889007509942,11.9205582043468,147
Prog_803,0,0,2.1861059150690743,1.77197225716777,2.7103676358831876,3.41424660431486,9.94603442251903,129
Prog_804,0,0,2.2345864288070203,1.23301080012542,3.146162037748534,2.95472698802506,11.4988100641073,129
Prog_805,0,0,2.273764068196121,0,3.1383321032005047,3.13655179405983,10.9115167563855,141
Prog_806,0,0,2.181755681706938,0.935748019370091,2.9699533530696574,2.53101947962545,10.3624515071536,116
Prog_807,0,0,2.320325415641032,0.920002522613618,3.100092668542872,4.283811738799773,10.6052451863857,125
Prog_808,0,0,2.558369133539142,0.783432420229951,3.559400159423942,5.14674346517231,11.7957058827902,128
Prog_809,0,0,2.528802513740793,0.628765427678516,3.2928503257434785,5.2479773890745625,11.11658970763,105
Prog_810,0,0,2.7828254196236655,0.6916612164505584,3.5597529174097517,6.746102046637028,11.3785190679279,99
Prog_811,0,0,2.360518220917428,0.664577413588385,3.2464220574835942,3.786476098439615,12.1756715867412,140
Prog_812,0,0,2.4993199797184573,0,3.247377746685493,4.72564589238863,11.0630534048236,158
Prog_813,0,0,2.14938159557225,0.880395699027094,3.1682459512926857,2.12549260056779,11.3711948620598,126
Prog_814,0,0,1.836194149955185,0.852185413860429,3.039755643336576,1.77218141302008,12.2430847399668,138
Prog_815,0,0,2.2585139419967946,1.04181744024877,3.3100082066783023,2.4546996328959,11.7226766692795,136
Prog_816,0,0,2.093888224506748,0.937159420529132,2.7255867826815154,2.69789098532697,10.8862394035777,100
Prog_817,0,0,2.113641670439756,0.617522045962734,3.318925388126961,1.87624725226825,12.0508171365266,124
Prog_818,0,0,2.214128724830967,1.26180339671519,3.0803743749592125,2.99815309220398,11.3016706389309,139
Prog_819,0,0,2.179140331764462,0,3.2675711377451098,3.3857088518162852,11.5753787077651,141
Prog_820,0,0,2.8704347205013403,0.609495783034804,3.470714452271667,6.487255732250833,10.9652677572671,108
Prog_821,0,0,2.065452641433859,0.527402023797739,3.059867887335619,2.03186073498355,10.4661624099513,111
Prog_822,0,0,2.395392573495686,0.743596041787073,3.4401933146605415,3.234504307086995,12.3238117849465,123
Prog_823,0,0,1.9042097629957673,0,2.91829659518309,2.36803268709423,10.607792772165,142
Prog_824,0,0,2.593580566351632,0.912981860701064,3.3540701592847024,5.489601653751592,11.2992129274856,122
Prog_825,0,0,2.111595253059523,0.614007979458918,3.1432496493793622,3.0970509504750425,11.5066845484436,122
Prog_826,0,0,1.9618595563698191,0.893007164176557,2.9770803651832987,2.40196206041738,11.8381916323647,135
Prog_827,0,0,2.138841325029762,1.15324031478035,3.0511171601721983,2.55986254932228,10.7407150088755,129
Prog_828,0,0,2.494996861420221,0.670859421147899,3.535617384586035,4.31793163282,11.970510999212,118
Prog_829,0,0,2.8235556383506313,0.679441032403944,3.6760250520190985,6.439321974012882,11.8011465153099,122
Prog_830,0,0,2.0195619976609596,0.712240463703642,2.98489827774079,2.2720466911279402,11.3281042411729,128
Prog_831,0,0,2.1826514184612402,0.751868245249518,3.1484748875433373,2.57330266293594,10.9325280265653,123
Prog_832,0,0,2.486762457854086,0.959108636369204,3.4346854582789774,4.82675909514861,11.0308050723233,136
Prog_833,0,0,2.377082496965085,0.837688084938758,3.2708006978240727,3.0151862093804,11.0754014999575,113
Prog_834,0,0,2.426843599536531,0.790665467074973,3.378725604028968,3.2528187199720677,11.3040931459783,123
Prog_835,0,0,2.325659260568293,0.980983209212251,3.257428511235431,2.96655428648501,12.2660713904455,123
Prog_836,0,0,1.922217361804562,0.272752495819234,3.2280638031025557,1.3260921006149824,11.4074943840277,99
Prog_837,0,0,2.1387153533227057,0.985081803943593,3.1384916686695212,2.5600124445213,11.9300172719939,128
Prog_838,0,0,2.2603727372611915,0.800197994960989,3.233078699568504,3.41107653749221,11.9584701636966,125
Prog_839,0,0,1.997424491533936,0.489138709907699,2.9580180118693535,1.93555279345964,11.1247319312688,103
Prog_840,0,0,2.9789001265296027,0.648541582015738,3.716611236312544,7.034523000195691,11.4777421001931,101
Prog_841,0,0,2.2545569433862505,0,3.2877183820267097,2.82796349655642,11.721844085169,143
Prog_842,0,0,2.107508432360303,0.927726096383988,3.1006550999848614,2.87104078340367,11.3908510105393,138
Prog_843,0,0,2.669818652771466,0.692106680809329,3.6207570762982573,5.77784096953935,11.789162304139,129
Prog_844,0,0,2.2800912818653,1.15351259504365,3.2075068252095984,3.1106801692763524,11.9436679749833,132
Prog_845,0,0,2.627811551433866,0.556058371927255,3.537992473157962,6.35630602485089,12.1081116713129,110
Prog_846,0,0,2.4159454755811347,1.67716546394647,3.0882085307013374,4.079785024484075,11.3054271417427,137
Prog_847,0,0,2.2722621119378097,0.89351557618697,3.223596821425409,3.12420855265415,11.0835570485274,125
Prog_848,0,0,2.1432975371452976,0,2.950030689836215,2.95538216353944,10.2861844616256,145
Prog_849,0,0,2.2150359617003468,1.65330769073832,3.020679566347984,2.89464703236276,11.5684022374007,135
Prog_850,0,0,2.217238112055104,0,3.249180486143038,2.61357232892622,11.76811711392,145
Prog_851,0,0,1.9783849445965807,1.12067527261693,2.6727136636989828,2.78082165541913,9.91300841857709,123
Prog_852,0,0,2.592119487641172,1.51104602980693,3.414361100095898,5.19405071799446,11.3800493426672,139
